split,profile,condition,role,level,pair_id,schedule_seed,query_seed,payload_seed,arrival_schedule_sha256,query_schedule_sha256,query_idx,query_timestamp_seconds,window_start_seconds,frag1_ipid,samples,unique_ipids,entropy,unique_ratio,benign_events_in_window,attack_events_in_window,block_no_defense,block_legacy,block_combined,block_volume,block_entropy,block_unique
calibration,continuous,benign_continuous,benign,24,3,11632077548237768980,8720491566476406809,6935835428905948019,36b7ab2121eb5fdbef2229c2ab64ce67144e42219241a3dd7ad6fcb8e3d75bff,9e0aadc459a6c34c307551c1637344fc61157950f11ccefe28f2fe6af7a895d4,1,6.130985238340577,4.130985238340577,1892,27,27,4.754887502163471,1.0,27,0,0,1,1,1,1,1
calibration,continuous,benign_continuous,benign,24,3,11632077548237768980,8720491566476406809,6935835428905948019,36b7ab2121eb5fdbef2229c2ab64ce67144e42219241a3dd7ad6fcb8e3d75bff,9e0aadc459a6c34c307551c1637344fc61157950f11ccefe28f2fe6af7a895d4,2,6.380985238340577,4.380985238340577,1317,27,27,4.754887502163471,1.0,27,0,0,1,1,1,1,1
calibration,continuous,benign_continuous,benign,24,3,11632077548237768980,8720491566476406809,6935835428905948019,36b7ab2121eb5fdbef2229c2ab64ce67144e42219241a3dd7ad6fcb8e3d75bff,9e0aadc459a6c34c307551c1637344fc61157950f11ccefe28f2fe6af7a895d4,3,6.630985238340577,4.630985238340577,1495,25,25,4.643856189774723,1.0,25,0,0,1,1,1,1,1
calibration,continuous,benign_continuous,benign,24,3,11632077548237768980,8720491566476406809,6935835428905948019,36b7ab2121eb5fdbef2229c2ab64ce67144e42219241a3dd7ad6fcb8e3d75bff,9e0aadc459a6c34c307551c1637344fc61157950f11ccefe28f2fe6af7a895d4,4,6.880985238340577,4.880985238340577,758,23,23,4.523561956057013,1.0,23,0,0,1,0,0,1,1
calibration,continuous,benign_continuous,benign,120,8,14509491694551593491,15938347798261486573,3793492834894535160,217b22c73591691c0405a19c0cfb8181b1f46574ff3fec97e24c431415336558,be04bdec290d22e2bf6a158a38646bae3a68c32a0146c0e3a4e684d57cc8155d,1,6.174672349405176,4.174672349405176,1952,130,127,6.976213966874609,0.9769230769230769,130,0,0,1,1,1,1,1
calibration,continuous,benign_continuous,benign,120,8,14509491694551593491,15938347798261486573,3793492834894535160,217b22c73591691c0405a19c0cfb8181b1f46574ff3fec97e24c431415336558,be04bdec290d22e2bf6a158a38646bae3a68c32a0146c0e3a4e684d57cc8155d,2,6.424672349405176,4.424672349405176,148,138,133,7.036060688662225,0.9637681159420289,138,0,0,1,1,1,1,1
calibration,continuous,benign_continuous,benign,120,8,14509491694551593491,15938347798261486573,3793492834894535160,217b22c73591691c0405a19c0cfb8181b1f46574ff3fec97e24c431415336558,be04bdec290d22e2bf6a158a38646bae3a68c32a0146c0e3a4e684d57cc8155d,3,6.674672349405176,4.674672349405176,922,136,133,7.043345194191505,0.9779411764705882,136,0,0,1,1,1,1,1
calibration,continuous,benign_continuous,benign,120,8,14509491694551593491,15938347798261486573,3793492834894535160,217b22c73591691c0405a19c0cfb8181b1f46574ff3fec97e24c431415336558,be04bdec290d22e2bf6a158a38646bae3a68c32a0146c0e3a4e684d57cc8155d,4,6.924672349405176,4.924672349405176,1235,130,128,6.991598582259225,0.9846153846153847,130,0,0,1,1,1,1,1
calibration,continuous,benign_continuous,benign,60,4,17024037684433055054,4500716609975232402,17057591466644668220,13bafd4b0d885997ea46b973f2adf23c83701f3680395731bddc1f017faab39e,202893726d6ebaaa10e6f71892468dfa4a55f7e5dbbf48fb9b245d8e2c86c317,1,6.003424389981407,4.003424389981407,1831,67,65,6.006387697920453,0.9701492537313433,67,0,0,1,1,1,1,1
calibration,continuous,benign_continuous,benign,60,4,17024037684433055054,4500716609975232402,17057591466644668220,13bafd4b0d885997ea46b973f2adf23c83701f3680395731bddc1f017faab39e,202893726d6ebaaa10e6f71892468dfa4a55f7e5dbbf48fb9b245d8e2c86c317,2,6.253424389981407,4.253424389981407,379,69,67,6.05055344228541,0.9710144927536232,69,0,0,1,1,1,1,1
calibration,continuous,benign_continuous,benign,60,4,17024037684433055054,4500716609975232402,17057591466644668220,13bafd4b0d885997ea46b973f2adf23c83701f3680395731bddc1f017faab39e,202893726d6ebaaa10e6f71892468dfa4a55f7e5dbbf48fb9b245d8e2c86c317,3,6.503424389981407,4.503424389981407,1145,70,69,6.100711588373543,0.9857142857142858,70,0,0,1,1,1,1,1
calibration,continuous,benign_continuous,benign,60,4,17024037684433055054,4500716609975232402,17057591466644668220,13bafd4b0d885997ea46b973f2adf23c83701f3680395731bddc1f017faab39e,202893726d6ebaaa10e6f71892468dfa4a55f7e5dbbf48fb9b245d8e2c86c317,4,6.753424389981407,4.753424389981407,456,70,69,6.100711588373543,0.9857142857142858,70,0,0,1,1,1,1,1
calibration,bursty,benign_bursty,benign,200,1,6583253704384485558,17873357037308705727,1490485179396484131,01cfcf23bdc311de94c90e85a476a7e0e7cb16ff34899d0f96ee16880d735585,8114f4715475652b958f024023a1f85670da8e24879684d31e6190b0d0623a96,1,6.178977170458247,4.178977170458247,1409,171,166,7.359372982722147,0.9707602339181286,171,0,0,1,1,1,1,1
calibration,bursty,benign_bursty,benign,200,1,6583253704384485558,17873357037308705727,1490485179396484131,01cfcf23bdc311de94c90e85a476a7e0e7cb16ff34899d0f96ee16880d735585,8114f4715475652b958f024023a1f85670da8e24879684d31e6190b0d0623a96,2,6.428977170458247,4.428977170458247,917,221,211,7.697404821834851,0.9547511312217195,221,0,0,1,1,1,1,1
calibration,bursty,benign_bursty,benign,200,1,6583253704384485558,17873357037308705727,1490485179396484131,01cfcf23bdc311de94c90e85a476a7e0e7cb16ff34899d0f96ee16880d735585,8114f4715475652b958f024023a1f85670da8e24879684d31e6190b0d0623a96,3,6.678977170458247,4.678977170458247,2030,255,242,7.892392652545145,0.9490196078431372,255,0,0,1,1,1,1,1
calibration,bursty,benign_bursty,benign,200,1,6583253704384485558,17873357037308705727,1490485179396484131,01cfcf23bdc311de94c90e85a476a7e0e7cb16ff34899d0f96ee16880d735585,8114f4715475652b958f024023a1f85670da8e24879684d31e6190b0d0623a96,4,6.928977170458247,4.928977170458247,265,281,263,8.00631244121737,0.9359430604982206,281,0,0,1,1,1,1,1
calibration,bursty,benign_bursty,benign,24,9,5305121391958987885,18021529853778432119,6614257685305091143,ccaabe3c34de5b3709870113aaf273cc6b5f61b16feaf0d5a3420acdd201f7ab,4783a00a8ad70aea25df1da75cbe12b6bf73dcd4fb33d3eb4398f97719bfbe5b,1,6.117895189030931,4.117895189030931,757,15,15,3.906890595608518,1.0,15,0,0,1,0,0,0,1
calibration,bursty,benign_bursty,benign,24,9,5305121391958987885,18021529853778432119,6614257685305091143,ccaabe3c34de5b3709870113aaf273cc6b5f61b16feaf0d5a3420acdd201f7ab,4783a00a8ad70aea25df1da75cbe12b6bf73dcd4fb33d3eb4398f97719bfbe5b,2,6.367895189030931,4.367895189030931,1699,22,22,4.459431618637295,1.0,22,0,0,1,0,0,1,1
calibration,bursty,benign_bursty,benign,24,9,5305121391958987885,18021529853778432119,6614257685305091143,ccaabe3c34de5b3709870113aaf273cc6b5f61b16feaf0d5a3420acdd201f7ab,4783a00a8ad70aea25df1da75cbe12b6bf73dcd4fb33d3eb4398f97719bfbe5b,3,6.617895189030931,4.617895189030931,546,27,27,4.754887502163471,1.0,27,0,0,1,1,1,1,1
calibration,bursty,benign_bursty,benign,24,9,5305121391958987885,18021529853778432119,6614257685305091143,ccaabe3c34de5b3709870113aaf273cc6b5f61b16feaf0d5a3420acdd201f7ab,4783a00a8ad70aea25df1da75cbe12b6bf73dcd4fb33d3eb4398f97719bfbe5b,4,6.867895189030931,4.867895189030931,1587,29,29,4.857980995127571,1.0,29,0,0,1,1,1,1,1
calibration,bursty,benign_bursty,benign,60,1,1706549331713346407,3171094352845093217,7010532829369177798,d2075aee26c91732c545c16ee5c27e09157548feeb305440a1eec0c6cb7accbd,834726b06cbb488e7293c187df6dd7d15f7caaa99bd536b6fdf8476dd20bdba5,1,6.11573750584573,4.11573750584573,526,51,51,5.6724253419715005,1.0,51,0,0,1,1,1,1,1
calibration,bursty,benign_bursty,benign,60,1,1706549331713346407,3171094352845093217,7010532829369177798,d2075aee26c91732c545c16ee5c27e09157548feeb305440a1eec0c6cb7accbd,834726b06cbb488e7293c187df6dd7d15f7caaa99bd536b6fdf8476dd20bdba5,2,6.36573750584573,4.36573750584573,1452,39,39,5.285402218862247,1.0,39,0,0,1,1,1,1,1
calibration,bursty,benign_bursty,benign,60,1,1706549331713346407,3171094352845093217,7010532829369177798,d2075aee26c91732c545c16ee5c27e09157548feeb305440a1eec0c6cb7accbd,834726b06cbb488e7293c187df6dd7d15f7caaa99bd536b6fdf8476dd20bdba5,3,6.61573750584573,4.61573750584573,1248,33,33,5.044394119358456,1.0,33,0,0,1,1,1,1,1
calibration,bursty,benign_bursty,benign,60,1,1706549331713346407,3171094352845093217,7010532829369177798,d2075aee26c91732c545c16ee5c27e09157548feeb305440a1eec0c6cb7accbd,834726b06cbb488e7293c187df6dd7d15f7caaa99bd536b6fdf8476dd20bdba5,4,6.86573750584573,4.86573750584573,702,34,33,5.028639311838574,0.9705882352941176,34,0,0,1,1,1,1,1
calibration,continuous,benign_continuous,benign,200,4,4383695215097279143,12026042897401070416,15145130058121470335,f2e363e174805927c4098e5ddf026a54abdccf67ec875ec3ca54ed282a9fec77,86af3175374ce72609abe828e7f60d3b52a6548464a4a6907f14e43286017002,1,6.079448992389,4.079448992389,502,200,191,7.553856189774741,0.955,200,0,0,1,1,1,1,1
calibration,continuous,benign_continuous,benign,200,4,4383695215097279143,12026042897401070416,15145130058121470335,f2e363e174805927c4098e5ddf026a54abdccf67ec875ec3ca54ed282a9fec77,86af3175374ce72609abe828e7f60d3b52a6548464a4a6907f14e43286017002,2,6.329448992389,4.329448992389,936,207,200,7.625854107257753,0.966183574879227,207,0,0,1,1,1,1,1
calibration,continuous,benign_continuous,benign,200,4,4383695215097279143,12026042897401070416,15145130058121470335,f2e363e174805927c4098e5ddf026a54abdccf67ec875ec3ca54ed282a9fec77,86af3175374ce72609abe828e7f60d3b52a6548464a4a6907f14e43286017002,3,6.579448992389,4.579448992389,1591,203,196,7.596370399943803,0.9655172413793104,203,0,0,1,1,1,1,1
calibration,continuous,benign_continuous,benign,200,4,4383695215097279143,12026042897401070416,15145130058121470335,f2e363e174805927c4098e5ddf026a54abdccf67ec875ec3ca54ed282a9fec77,86af3175374ce72609abe828e7f60d3b52a6548464a4a6907f14e43286017002,4,6.829448992389,4.829448992389,423,201,193,7.57144970112919,0.9601990049751243,201,0,0,1,1,1,1,1
calibration,bursty,benign_bursty,benign,120,7,8554661712065054858,14717709855775747857,13646057635979842475,55e69da67ed7aa3d8758ea7297c0988bedce6769963d3fb78eab95aeecddfc22,7b0f788f2a5ec868e4266460eee14223b3ca3970aee9916cc44ce2c99254abf4,1,6.177697794815228,4.177697794815228,1143,143,136,7.061969238876298,0.951048951048951,143,0,0,1,1,1,1,1
calibration,bursty,benign_bursty,benign,120,7,8554661712065054858,14717709855775747857,13646057635979842475,55e69da67ed7aa3d8758ea7297c0988bedce6769963d3fb78eab95aeecddfc22,7b0f788f2a5ec868e4266460eee14223b3ca3970aee9916cc44ce2c99254abf4,2,6.427697794815228,4.427697794815228,768,127,121,6.894196497795771,0.952755905511811,127,0,0,1,1,1,1,1
calibration,bursty,benign_bursty,benign,120,7,8554661712065054858,14717709855775747857,13646057635979842475,55e69da67ed7aa3d8758ea7297c0988bedce6769963d3fb78eab95aeecddfc22,7b0f788f2a5ec868e4266460eee14223b3ca3970aee9916cc44ce2c99254abf4,3,6.677697794815228,4.677697794815228,1088,106,102,6.652448756449976,0.9622641509433962,106,0,0,1,1,1,1,1
calibration,bursty,benign_bursty,benign,120,7,8554661712065054858,14717709855775747857,13646057635979842475,55e69da67ed7aa3d8758ea7297c0988bedce6769963d3fb78eab95aeecddfc22,7b0f788f2a5ec868e4266460eee14223b3ca3970aee9916cc44ce2c99254abf4,4,6.927697794815228,4.927697794815228,1969,76,73,6.168980145022538,0.9605263157894737,76,0,0,1,1,1,1,1
validation,continuous,attack_random_continuous,attack,24,1,11431027195870344778,1373759827185832907,11681845958348058179,a9e1d50711b4b792183496ef9a70751c247e59ccaf442553977ea84ea50f0781,b8856205d8fe638b223dbd1331f7d82401bef456a86199a8036ba3ff4f90dd9e,1,6.0686765558200895,4.0686765558200895,1285,16,16,4.0,1.0,4,12,0,1,0,0,1,1
validation,continuous,attack_random_continuous,attack,24,1,11431027195870344778,1373759827185832907,11681845958348058179,a9e1d50711b4b792183496ef9a70751c247e59ccaf442553977ea84ea50f0781,b8856205d8fe638b223dbd1331f7d82401bef456a86199a8036ba3ff4f90dd9e,2,6.3186765558200895,4.3186765558200895,1841,14,14,3.8073549220576055,1.0,3,11,0,1,0,0,0,1
validation,continuous,attack_random_continuous,attack,24,1,11431027195870344778,1373759827185832907,11681845958348058179,a9e1d50711b4b792183496ef9a70751c247e59ccaf442553977ea84ea50f0781,b8856205d8fe638b223dbd1331f7d82401bef456a86199a8036ba3ff4f90dd9e,3,6.5686765558200895,4.5686765558200895,284,18,18,4.169925001442312,1.0,3,15,0,1,0,0,1,1
validation,continuous,attack_random_continuous,attack,24,1,11431027195870344778,1373759827185832907,11681845958348058179,a9e1d50711b4b792183496ef9a70751c247e59ccaf442553977ea84ea50f0781,b8856205d8fe638b223dbd1331f7d82401bef456a86199a8036ba3ff4f90dd9e,4,6.8186765558200895,4.8186765558200895,1943,19,19,4.247927513443583,1.0,3,16,0,1,0,0,1,1
validation,continuous,attack_fixed_continuous,attack,24,1,11431027195870344778,1373759827185832907,1945625801155222637,a9e1d50711b4b792183496ef9a70751c247e59ccaf442553977ea84ea50f0781,b8856205d8fe638b223dbd1331f7d82401bef456a86199a8036ba3ff4f90dd9e,1,6.0686765558200895,4.0686765558200895,1285,16,2,0.3372900666170139,0.125,1,15,0,1,0,0,0,0
validation,continuous,attack_fixed_continuous,attack,24,1,11431027195870344778,1373759827185832907,1945625801155222637,a9e1d50711b4b792183496ef9a70751c247e59ccaf442553977ea84ea50f0781,b8856205d8fe638b223dbd1331f7d82401bef456a86199a8036ba3ff4f90dd9e,2,6.3186765558200895,4.3186765558200895,1841,14,3,0.7345299214394703,0.21428571428571427,2,12,0,1,0,0,0,0
validation,continuous,attack_fixed_continuous,attack,24,1,11431027195870344778,1373759827185832907,1945625801155222637,a9e1d50711b4b792183496ef9a70751c247e59ccaf442553977ea84ea50f0781,b8856205d8fe638b223dbd1331f7d82401bef456a86199a8036ba3ff4f90dd9e,3,6.5686765558200895,4.5686765558200895,284,18,4,0.9141828384352135,0.2222222222222222,3,15,0,1,0,0,0,0
validation,continuous,attack_fixed_continuous,attack,24,1,11431027195870344778,1373759827185832907,1945625801155222637,a9e1d50711b4b792183496ef9a70751c247e59ccaf442553977ea84ea50f0781,b8856205d8fe638b223dbd1331f7d82401bef456a86199a8036ba3ff4f90dd9e,4,6.8186765558200895,4.8186765558200895,1943,19,4,0.8795064608120066,0.21052631578947367,3,16,0,1,0,0,0,0
validation,continuous,attack_sweep_continuous,attack,24,1,11431027195870344778,1373759827185832907,4393618039585266875,a9e1d50711b4b792183496ef9a70751c247e59ccaf442553977ea84ea50f0781,b8856205d8fe638b223dbd1331f7d82401bef456a86199a8036ba3ff4f90dd9e,1,6.0686765558200895,4.0686765558200895,1285,16,16,4.0,1.0,2,14,0,1,0,0,1,1
validation,continuous,attack_sweep_continuous,attack,24,1,11431027195870344778,1373759827185832907,4393618039585266875,a9e1d50711b4b792183496ef9a70751c247e59ccaf442553977ea84ea50f0781,b8856205d8fe638b223dbd1331f7d82401bef456a86199a8036ba3ff4f90dd9e,2,6.3186765558200895,4.3186765558200895,1841,14,14,3.8073549220576055,1.0,3,11,0,1,0,0,0,1
validation,continuous,attack_sweep_continuous,attack,24,1,11431027195870344778,1373759827185832907,4393618039585266875,a9e1d50711b4b792183496ef9a70751c247e59ccaf442553977ea84ea50f0781,b8856205d8fe638b223dbd1331f7d82401bef456a86199a8036ba3ff4f90dd9e,3,6.5686765558200895,4.5686765558200895,284,18,18,4.169925001442312,1.0,3,15,0,1,0,0,1,1
validation,continuous,attack_sweep_continuous,attack,24,1,11431027195870344778,1373759827185832907,4393618039585266875,a9e1d50711b4b792183496ef9a70751c247e59ccaf442553977ea84ea50f0781,b8856205d8fe638b223dbd1331f7d82401bef456a86199a8036ba3ff4f90dd9e,4,6.8186765558200895,4.8186765558200895,1943,19,19,4.247927513443583,1.0,3,16,0,1,0,0,1,1
validation,continuous,attack_dup_sweep_continuous,attack,24,1,11431027195870344778,1373759827185832907,9754946470994311546,a9e1d50711b4b792183496ef9a70751c247e59ccaf442553977ea84ea50f0781,b8856205d8fe638b223dbd1331f7d82401bef456a86199a8036ba3ff4f90dd9e,1,6.0686765558200895,4.0686765558200895,1285,16,9,3.125,0.5625,1,15,0,1,0,0,0,0
validation,continuous,attack_dup_sweep_continuous,attack,24,1,11431027195870344778,1373759827185832907,9754946470994311546,a9e1d50711b4b792183496ef9a70751c247e59ccaf442553977ea84ea50f0781,b8856205d8fe638b223dbd1331f7d82401bef456a86199a8036ba3ff4f90dd9e,2,6.3186765558200895,4.3186765558200895,1841,14,8,2.950212064914747,0.5714285714285714,1,13,0,1,0,0,0,0
validation,continuous,attack_dup_sweep_continuous,attack,24,1,11431027195870344778,1373759827185832907,9754946470994311546,a9e1d50711b4b792183496ef9a70751c247e59ccaf442553977ea84ea50f0781,b8856205d8fe638b223dbd1331f7d82401bef456a86199a8036ba3ff4f90dd9e,3,6.5686765558200895,4.5686765558200895,284,18,10,3.281036112553423,0.5555555555555556,1,17,0,1,0,0,0,0
validation,continuous,attack_dup_sweep_continuous,attack,24,1,11431027195870344778,1373759827185832907,9754946470994311546,a9e1d50711b4b792183496ef9a70751c247e59ccaf442553977ea84ea50f0781,b8856205d8fe638b223dbd1331f7d82401bef456a86199a8036ba3ff4f90dd9e,4,6.8186765558200895,4.8186765558200895,1943,19,11,3.4058222502856905,0.5789473684210527,2,17,0,1,0,0,0,0
validation,bursty,attack_sweep_bursty,attack,60,3,13971988729943770202,15836958982476396800,17993278670325771125,e48f6814f5a32b6b974c75be5b52c4b23b61a97a6eab52aff19467bdd691c256,ab7cf08a8079f99b13676794d89780c7debba53f2af10c6964b76043039f1894,1,6.000850590789077,4.000850590789077,1647,53,53,5.727920454563195,1.0,3,50,0,1,1,1,1,1
validation,bursty,attack_sweep_bursty,attack,60,3,13971988729943770202,15836958982476396800,17993278670325771125,e48f6814f5a32b6b974c75be5b52c4b23b61a97a6eab52aff19467bdd691c256,ab7cf08a8079f99b13676794d89780c7debba53f2af10c6964b76043039f1894,2,6.250850590789077,4.250850590789077,272,41,41,5.357552004618081,1.0,3,38,0,1,1,1,1,1
validation,bursty,attack_sweep_bursty,attack,60,3,13971988729943770202,15836958982476396800,17993278670325771125,e48f6814f5a32b6b974c75be5b52c4b23b61a97a6eab52aff19467bdd691c256,ab7cf08a8079f99b13676794d89780c7debba53f2af10c6964b76043039f1894,3,6.500850590789077,4.500850590789077,429,33,33,5.044394119358456,1.0,3,30,0,1,1,1,1,1
validation,bursty,attack_sweep_bursty,attack,60,3,13971988729943770202,15836958982476396800,17993278670325771125,e48f6814f5a32b6b974c75be5b52c4b23b61a97a6eab52aff19467bdd691c256,ab7cf08a8079f99b13676794d89780c7debba53f2af10c6964b76043039f1894,4,6.750850590789077,4.750850590789077,1779,38,38,5.247927513443589,1.0,4,34,0,1,1,1,1,1
validation,continuous,attack_sweep_continuous,attack,60,4,11038982360530583690,2879818582982038012,1687596631635583873,1bffbd8b05a1b296883a05ee643d663048b9eb46dee92f25f52f467c972f8aac,10aebaaf39f44f893f4beb2a79dcd0598e417106e097f6242e7d5f779dccd75b,1,6.104050882513569,4.104050882513569,1224,47,47,5.55458885167764,1.0,8,39,0,1,1,1,1,1
validation,continuous,attack_sweep_continuous,attack,60,4,11038982360530583690,2879818582982038012,1687596631635583873,1bffbd8b05a1b296883a05ee643d663048b9eb46dee92f25f52f467c972f8aac,10aebaaf39f44f893f4beb2a79dcd0598e417106e097f6242e7d5f779dccd75b,2,6.354050882513569,4.354050882513569,958,52,52,5.700439718141095,1.0,8,44,0,1,1,1,1,1
validation,continuous,attack_sweep_continuous,attack,60,4,11038982360530583690,2879818582982038012,1687596631635583873,1bffbd8b05a1b296883a05ee643d663048b9eb46dee92f25f52f467c972f8aac,10aebaaf39f44f893f4beb2a79dcd0598e417106e097f6242e7d5f779dccd75b,3,6.604050882513569,4.604050882513569,140,57,57,5.832890014164736,1.0,8,49,0,1,1,1,1,1
validation,continuous,attack_sweep_continuous,attack,60,4,11038982360530583690,2879818582982038012,1687596631635583873,1bffbd8b05a1b296883a05ee643d663048b9eb46dee92f25f52f467c972f8aac,10aebaaf39f44f893f4beb2a79dcd0598e417106e097f6242e7d5f779dccd75b,4,6.854050882513569,4.854050882513569,320,62,62,5.954196310386873,1.0,8,54,0,1,1,1,1,1
validation,continuous,attack_dup_sweep_continuous,attack,60,4,11038982360530583690,2879818582982038012,12916063090883086493,1bffbd8b05a1b296883a05ee643d663048b9eb46dee92f25f52f467c972f8aac,10aebaaf39f44f893f4beb2a79dcd0598e417106e097f6242e7d5f779dccd75b,1,6.104050882513569,4.104050882513569,1224,47,25,4.618418638911681,0.5319148936170213,3,44,0,1,0,1,1,0
validation,continuous,attack_dup_sweep_continuous,attack,60,4,11038982360530583690,2879818582982038012,12916063090883086493,1bffbd8b05a1b296883a05ee643d663048b9eb46dee92f25f52f467c972f8aac,10aebaaf39f44f893f4beb2a79dcd0598e417106e097f6242e7d5f779dccd75b,2,6.354050882513569,4.354050882513569,958,52,28,4.777362795064168,0.5384615384615384,3,49,0,1,0,1,1,0
validation,continuous,attack_dup_sweep_continuous,attack,60,4,11038982360530583690,2879818582982038012,12916063090883086493,1bffbd8b05a1b296883a05ee643d663048b9eb46dee92f25f52f467c972f8aac,10aebaaf39f44f893f4beb2a79dcd0598e417106e097f6242e7d5f779dccd75b,3,6.604050882513569,4.604050882513569,140,57,30,4.885521593112108,0.5263157894736842,3,54,0,1,0,1,1,0
validation,continuous,attack_dup_sweep_continuous,attack,60,4,11038982360530583690,2879818582982038012,12916063090883086493,1bffbd8b05a1b296883a05ee643d663048b9eb46dee92f25f52f467c972f8aac,10aebaaf39f44f893f4beb2a79dcd0598e417106e097f6242e7d5f779dccd75b,4,6.854050882513569,4.854050882513569,320,62,35,5.083228568451391,0.5645161290322581,6,56,0,1,0,1,1,0
validation,continuous,attack_random_continuous,attack,60,4,11038982360530583690,2879818582982038012,6212021093881357819,1bffbd8b05a1b296883a05ee643d663048b9eb46dee92f25f52f467c972f8aac,10aebaaf39f44f893f4beb2a79dcd0598e417106e097f6242e7d5f779dccd75b,1,6.104050882513569,4.104050882513569,1224,47,45,5.469482468698917,0.9574468085106383,4,43,0,1,1,1,1,1
validation,continuous,attack_random_continuous,attack,60,4,11038982360530583690,2879818582982038012,6212021093881357819,1bffbd8b05a1b296883a05ee643d663048b9eb46dee92f25f52f467c972f8aac,10aebaaf39f44f893f4beb2a79dcd0598e417106e097f6242e7d5f779dccd75b,2,6.354050882513569,4.354050882513569,958,52,50,5.623516641218018,0.9615384615384616,4,48,0,1,1,1,1,1
validation,continuous,attack_random_continuous,attack,60,4,11038982360530583690,2879818582982038012,6212021093881357819,1bffbd8b05a1b296883a05ee643d663048b9eb46dee92f25f52f467c972f8aac,10aebaaf39f44f893f4beb2a79dcd0598e417106e097f6242e7d5f779dccd75b,3,6.604050882513569,4.604050882513569,140,57,54,5.72762685627,0.9473684210526315,4,53,0,1,1,1,1,1
validation,continuous,attack_random_continuous,attack,60,4,11038982360530583690,2879818582982038012,6212021093881357819,1bffbd8b05a1b296883a05ee643d663048b9eb46dee92f25f52f467c972f8aac,10aebaaf39f44f893f4beb2a79dcd0598e417106e097f6242e7d5f779dccd75b,4,6.854050882513569,4.854050882513569,320,62,59,5.857422116838486,0.9516129032258065,7,55,0,1,1,1,1,1
validation,continuous,attack_fixed_continuous,attack,60,4,11038982360530583690,2879818582982038012,13368314332126595571,1bffbd8b05a1b296883a05ee643d663048b9eb46dee92f25f52f467c972f8aac,10aebaaf39f44f893f4beb2a79dcd0598e417106e097f6242e7d5f779dccd75b,1,6.104050882513569,4.104050882513569,1224,47,5,0.5901338633331649,0.10638297872340426,4,43,0,1,0,1,0,0
validation,continuous,attack_fixed_continuous,attack,60,4,11038982360530583690,2879818582982038012,13368314332126595571,1bffbd8b05a1b296883a05ee643d663048b9eb46dee92f25f52f467c972f8aac,10aebaaf39f44f893f4beb2a79dcd0598e417106e097f6242e7d5f779dccd75b,2,6.354050882513569,4.354050882513569,958,52,7,0.8142118339368115,0.1346153846153846,6,46,0,1,0,1,0,0
validation,continuous,attack_fixed_continuous,attack,60,4,11038982360530583690,2879818582982038012,13368314332126595571,1bffbd8b05a1b296883a05ee643d663048b9eb46dee92f25f52f467c972f8aac,10aebaaf39f44f893f4beb2a79dcd0598e417106e097f6242e7d5f779dccd75b,3,6.604050882513569,4.604050882513569,140,57,7,0.7575620766112982,0.12280701754385964,6,51,0,1,0,1,0,0
validation,continuous,attack_fixed_continuous,attack,60,4,11038982360530583690,2879818582982038012,13368314332126595571,1bffbd8b05a1b296883a05ee643d663048b9eb46dee92f25f52f467c972f8aac,10aebaaf39f44f893f4beb2a79dcd0598e417106e097f6242e7d5f779dccd75b,4,6.854050882513569,4.854050882513569,320,62,8,0.8255707580666125,0.12903225806451613,7,55,0,1,0,1,0,0
validation,bursty,attack_sweep_bursty,attack,200,0,4701589229855114122,6271973614556098947,13997499181831748679,deac6ae13c00244a6f3b6c682a9b93870744ecb47f27ae20c614fc1af4e0250c,d10f66700ccc40ec08ce83e443530597c2b1bf5c889ae5f4aa07b440ffa35aeb,1,6.001327299092992,4.001327299092992,1683,227,225,7.808927341916446,0.9911894273127754,23,204,0,1,1,1,1,1
validation,bursty,attack_sweep_bursty,attack,200,0,4701589229855114122,6271973614556098947,13997499181831748679,deac6ae13c00244a6f3b6c682a9b93870744ecb47f27ae20c614fc1af4e0250c,d10f66700ccc40ec08ce83e443530597c2b1bf5c889ae5f4aa07b440ffa35aeb,2,6.251327299092992,4.251327299092992,718,196,195,7.60450576248254,0.9948979591836735,19,177,0,1,1,1,1,1
validation,bursty,attack_sweep_bursty,attack,200,0,4701589229855114122,6271973614556098947,13997499181831748679,deac6ae13c00244a6f3b6c682a9b93870744ecb47f27ae20c614fc1af4e0250c,d10f66700ccc40ec08ce83e443530597c2b1bf5c889ae5f4aa07b440ffa35aeb,3,6.501327299092992,4.501327299092992,2036,152,151,7.234769618706724,0.993421052631579,16,136,0,1,1,1,1,1
validation,bursty,attack_sweep_bursty,attack,200,0,4701589229855114122,6271973614556098947,13997499181831748679,deac6ae13c00244a6f3b6c682a9b93870744ecb47f27ae20c614fc1af4e0250c,d10f66700ccc40ec08ce83e443530597c2b1bf5c889ae5f4aa07b440ffa35aeb,4,6.751327299092992,4.751327299092992,1251,120,119,6.890223928941869,0.9916666666666667,13,107,0,1,1,1,1,1
validation,continuous,attack_sweep_continuous,attack,200,4,17380600800855691167,16011601727573698192,10827877655160664180,2b65dd9d583f256af599240663a48e8af3ae34531cde52ba43851b44e9dc7cb9,e4c9876a8521bd3fa9362756cccba28cc573e755147e119f0c5a96835c839aa4,1,6.22212131014862,4.22212131014862,770,201,201,7.65105169117894,1.0,21,180,0,1,1,1,1,1
validation,continuous,attack_sweep_continuous,attack,200,4,17380600800855691167,16011601727573698192,10827877655160664180,2b65dd9d583f256af599240663a48e8af3ae34531cde52ba43851b44e9dc7cb9,e4c9876a8521bd3fa9362756cccba28cc573e755147e119f0c5a96835c839aa4,2,6.47212131014862,4.47212131014862,911,186,186,7.539158811108047,1.0,22,164,0,1,1,1,1,1
validation,continuous,attack_sweep_continuous,attack,200,4,17380600800855691167,16011601727573698192,10827877655160664180,2b65dd9d583f256af599240663a48e8af3ae34531cde52ba43851b44e9dc7cb9,e4c9876a8521bd3fa9362756cccba28cc573e755147e119f0c5a96835c839aa4,3,6.72212131014862,4.72212131014862,544,182,182,7.507794640198715,1.0,19,163,0,1,1,1,1,1
validation,continuous,attack_sweep_continuous,attack,200,4,17380600800855691167,16011601727573698192,10827877655160664180,2b65dd9d583f256af599240663a48e8af3ae34531cde52ba43851b44e9dc7cb9,e4c9876a8521bd3fa9362756cccba28cc573e755147e119f0c5a96835c839aa4,4,6.97212131014862,4.97212131014862,1838,188,186,7.5333122559329775,0.9893617021276596,19,169,0,1,1,1,1,1
validation,continuous,attack_random_continuous,attack,200,4,17380600800855691167,16011601727573698192,12398794957643940410,2b65dd9d583f256af599240663a48e8af3ae34531cde52ba43851b44e9dc7cb9,e4c9876a8521bd3fa9362756cccba28cc573e755147e119f0c5a96835c839aa4,1,6.22212131014862,4.22212131014862,770,201,195,7.591350198641627,0.9701492537313433,24,177,0,1,1,1,1,1
validation,continuous,attack_random_continuous,attack,200,4,17380600800855691167,16011601727573698192,12398794957643940410,2b65dd9d583f256af599240663a48e8af3ae34531cde52ba43851b44e9dc7cb9,e4c9876a8521bd3fa9362756cccba28cc573e755147e119f0c5a96835c839aa4,2,6.47212131014862,4.47212131014862,911,186,180,7.474642682075788,0.967741935483871,22,164,0,1,1,1,1,1
validation,continuous,attack_random_continuous,attack,200,4,17380600800855691167,16011601727573698192,12398794957643940410,2b65dd9d583f256af599240663a48e8af3ae34531cde52ba43851b44e9dc7cb9,e4c9876a8521bd3fa9362756cccba28cc573e755147e119f0c5a96835c839aa4,3,6.72212131014862,4.72212131014862,544,182,178,7.463838596242669,0.978021978021978,20,162,0,1,1,1,1,1
validation,continuous,attack_random_continuous,attack,200,4,17380600800855691167,16011601727573698192,12398794957643940410,2b65dd9d583f256af599240663a48e8af3ae34531cde52ba43851b44e9dc7cb9,e4c9876a8521bd3fa9362756cccba28cc573e755147e119f0c5a96835c839aa4,4,6.97212131014862,4.97212131014862,1838,188,183,7.501397362315956,0.973404255319149,19,169,0,1,1,1,1,1
validation,continuous,attack_fixed_continuous,attack,200,4,17380600800855691167,16011601727573698192,17512500322419079901,2b65dd9d583f256af599240663a48e8af3ae34531cde52ba43851b44e9dc7cb9,e4c9876a8521bd3fa9362756cccba28cc573e755147e119f0c5a96835c839aa4,1,6.22212131014862,4.22212131014862,770,201,22,0.9419295153613096,0.10945273631840796,21,180,0,1,0,1,0,0
validation,continuous,attack_fixed_continuous,attack,200,4,17380600800855691167,16011601727573698192,17512500322419079901,2b65dd9d583f256af599240663a48e8af3ae34531cde52ba43851b44e9dc7cb9,e4c9876a8521bd3fa9362756cccba28cc573e755147e119f0c5a96835c839aa4,2,6.47212131014862,4.47212131014862,911,186,17,0.7671348372187343,0.0913978494623656,16,170,0,1,0,1,0,0
validation,continuous,attack_fixed_continuous,attack,200,4,17380600800855691167,16011601727573698192,17512500322419079901,2b65dd9d583f256af599240663a48e8af3ae34531cde52ba43851b44e9dc7cb9,e4c9876a8521bd3fa9362756cccba28cc573e755147e119f0c5a96835c839aa4,3,6.72212131014862,4.72212131014862,544,182,17,0.7811103236954573,0.09340659340659341,16,166,0,1,0,1,0,0
validation,continuous,attack_fixed_continuous,attack,200,4,17380600800855691167,16011601727573698192,17512500322419079901,2b65dd9d583f256af599240663a48e8af3ae34531cde52ba43851b44e9dc7cb9,e4c9876a8521bd3fa9362756cccba28cc573e755147e119f0c5a96835c839aa4,4,6.97212131014862,4.97212131014862,1838,188,15,0.6659071055197721,0.0797872340425532,14,174,0,1,0,1,0,0
validation,continuous,attack_dup_sweep_continuous,attack,200,4,17380600800855691167,16011601727573698192,7514319760810587752,2b65dd9d583f256af599240663a48e8af3ae34531cde52ba43851b44e9dc7cb9,e4c9876a8521bd3fa9362756cccba28cc573e755147e119f0c5a96835c839aa4,1,6.22212131014862,4.22212131014862,770,201,110,6.7455790543630165,0.5472636815920398,17,184,0,1,0,1,1,0
validation,continuous,attack_dup_sweep_continuous,attack,200,4,17380600800855691167,16011601727573698192,7514319760810587752,2b65dd9d583f256af599240663a48e8af3ae34531cde52ba43851b44e9dc7cb9,e4c9876a8521bd3fa9362756cccba28cc573e755147e119f0c5a96835c839aa4,2,6.47212131014862,4.47212131014862,911,186,99,6.599616405182429,0.532258064516129,14,172,0,1,0,1,1,0
validation,continuous,attack_dup_sweep_continuous,attack,200,4,17380600800855691167,16011601727573698192,7514319760810587752,2b65dd9d583f256af599240663a48e8af3ae34531cde52ba43851b44e9dc7cb9,e4c9876a8521bd3fa9362756cccba28cc573e755147e119f0c5a96835c839aa4,3,6.72212131014862,4.72212131014862,544,182,99,6.591558994582421,0.5439560439560439,16,166,0,1,0,1,1,0
validation,continuous,attack_dup_sweep_continuous,attack,200,4,17380600800855691167,16011601727573698192,7514319760810587752,2b65dd9d583f256af599240663a48e8af3ae34531cde52ba43851b44e9dc7cb9,e4c9876a8521bd3fa9362756cccba28cc573e755147e119f0c5a96835c839aa4,4,6.97212131014862,4.97212131014862,1838,188,102,6.635679875602289,0.5425531914893617,18,170,0,1,0,1,1,0
validation,bursty,attack_sweep_bursty,attack,120,9,4181695058086570736,2322558530635670792,4721901624807022858,a19d48dc5db909ddf0f0424d9fa7b01fe8a19e30f27cd242961dc4680a38e48d,f8ec2b3bd645fa50c6e335764b3faab7ce3992eca0294b3c1852654eb55362d8,1,6.040833447897237,4.040833447897237,1763,114,114,6.832890014164754,1.0,18,96,0,1,1,1,1,1
validation,bursty,attack_sweep_bursty,attack,120,9,4181695058086570736,2322558530635670792,4721901624807022858,a19d48dc5db909ddf0f0424d9fa7b01fe8a19e30f27cd242961dc4680a38e48d,f8ec2b3bd645fa50c6e335764b3faab7ce3992eca0294b3c1852654eb55362d8,2,6.290833447897237,4.290833447897237,424,140,140,7.129283016944978,1.0,21,119,0,1,1,1,1,1
validation,bursty,attack_sweep_bursty,attack,120,9,4181695058086570736,2322558530635670792,4721901624807022858,a19d48dc5db909ddf0f0424d9fa7b01fe8a19e30f27cd242961dc4680a38e48d,f8ec2b3bd645fa50c6e335764b3faab7ce3992eca0294b3c1852654eb55362d8,3,6.540833447897237,4.540833447897237,1349,159,158,7.300304338932124,0.9937106918238994,22,137,0,1,1,1,1,1
validation,bursty,attack_sweep_bursty,attack,120,9,4181695058086570736,2322558530635670792,4721901624807022858,a19d48dc5db909ddf0f0424d9fa7b01fe8a19e30f27cd242961dc4680a38e48d,f8ec2b3bd645fa50c6e335764b3faab7ce3992eca0294b3c1852654eb55362d8,4,6.790833447897237,4.790833447897237,580,163,162,7.336458215580796,0.9938650306748467,22,141,0,1,1,1,1,1
validation,bursty,attack_sweep_bursty,attack,24,6,15017807385840931387,4595591865311612426,9014437413371422623,56b2af2585d2d089784d45a3e3b39480842a0d3eca1013d555315514c6e3a7d5,a0668a7530b7c73b8e39529fdd90bec38fe1e764592a6b05dc0fe9cf1dbd9eb9,1,6.164458593360093,4.164458593360093,953,23,23,4.523561956057013,1.0,1,22,0,1,0,0,1,1
validation,bursty,attack_sweep_bursty,attack,24,6,15017807385840931387,4595591865311612426,9014437413371422623,56b2af2585d2d089784d45a3e3b39480842a0d3eca1013d555315514c6e3a7d5,a0668a7530b7c73b8e39529fdd90bec38fe1e764592a6b05dc0fe9cf1dbd9eb9,2,6.414458593360093,4.414458593360093,1286,23,23,4.523561956057013,1.0,1,22,0,1,0,0,1,1
validation,bursty,attack_sweep_bursty,attack,24,6,15017807385840931387,4595591865311612426,9014437413371422623,56b2af2585d2d089784d45a3e3b39480842a0d3eca1013d555315514c6e3a7d5,a0668a7530b7c73b8e39529fdd90bec38fe1e764592a6b05dc0fe9cf1dbd9eb9,3,6.664458593360093,4.664458593360093,1580,22,22,4.459431618637295,1.0,1,21,0,1,0,0,1,1
validation,bursty,attack_sweep_bursty,attack,24,6,15017807385840931387,4595591865311612426,9014437413371422623,56b2af2585d2d089784d45a3e3b39480842a0d3eca1013d555315514c6e3a7d5,a0668a7530b7c73b8e39529fdd90bec38fe1e764592a6b05dc0fe9cf1dbd9eb9,4,6.914458593360093,4.914458593360093,946,18,18,4.169925001442312,1.0,1,17,0,1,0,0,1,1
validation,continuous,attack_fixed_continuous,attack,120,5,1377657481134050107,1823639970583859415,8736411990512653621,1b2b1942753879cc50aa4bd5bffe38e68cc49f8de5611616b98f39260236b3e4,e909e1c5ca1dbc68e129a0f8a280b0b6e65707f643dbd55d9c102db9ddf9ece7,1,6.02450567884228,4.02450567884228,1793,144,21,1.1815892897202809,0.14583333333333334,20,124,0,1,0,1,0,0
validation,continuous,attack_fixed_continuous,attack,120,5,1377657481134050107,1823639970583859415,8736411990512653621,1b2b1942753879cc50aa4bd5bffe38e68cc49f8de5611616b98f39260236b3e4,e909e1c5ca1dbc68e129a0f8a280b0b6e65707f643dbd55d9c102db9ddf9ece7,2,6.27450567884228,4.27450567884228,872,145,19,1.0587852609110375,0.1310344827586207,18,127,0,1,0,1,0,0
validation,continuous,attack_fixed_continuous,attack,120,5,1377657481134050107,1823639970583859415,8736411990512653621,1b2b1942753879cc50aa4bd5bffe38e68cc49f8de5611616b98f39260236b3e4,e909e1c5ca1dbc68e129a0f8a280b0b6e65707f643dbd55d9c102db9ddf9ece7,3,6.52450567884228,4.52450567884228,1118,140,20,1.149408361871924,0.14285714285714285,19,121,0,1,0,1,0,0
validation,continuous,attack_fixed_continuous,attack,120,5,1377657481134050107,1823639970583859415,8736411990512653621,1b2b1942753879cc50aa4bd5bffe38e68cc49f8de5611616b98f39260236b3e4,e909e1c5ca1dbc68e129a0f8a280b0b6e65707f643dbd55d9c102db9ddf9ece7,4,6.77450567884228,4.77450567884228,593,144,20,1.1232372543398064,0.1388888888888889,19,125,0,1,0,1,0,0
validation,continuous,attack_dup_sweep_continuous,attack,120,5,1377657481134050107,1823639970583859415,5919194508779252968,1b2b1942753879cc50aa4bd5bffe38e68cc49f8de5611616b98f39260236b3e4,e909e1c5ca1dbc68e129a0f8a280b0b6e65707f643dbd55d9c102db9ddf9ece7,1,6.02450567884228,4.02450567884228,1793,144,80,6.28103611255343,0.5555555555555556,15,129,0,1,0,1,1,0
validation,continuous,attack_dup_sweep_continuous,attack,120,5,1377657481134050107,1823639970583859415,5919194508779252968,1b2b1942753879cc50aa4bd5bffe38e68cc49f8de5611616b98f39260236b3e4,e909e1c5ca1dbc68e129a0f8a280b0b6e65707f643dbd55d9c102db9ddf9ece7,2,6.27450567884228,4.27450567884228,872,145,80,6.283357365877003,0.5517241379310345,15,130,0,1,0,1,1,0
validation,continuous,attack_dup_sweep_continuous,attack,120,5,1377657481134050107,1823639970583859415,5919194508779252968,1b2b1942753879cc50aa4bd5bffe38e68cc49f8de5611616b98f39260236b3e4,e909e1c5ca1dbc68e129a0f8a280b0b6e65707f643dbd55d9c102db9ddf9ece7,3,6.52450567884228,4.52450567884228,1118,140,77,6.229283016944972,0.55,13,127,0,1,0,1,1,0
validation,continuous,attack_dup_sweep_continuous,attack,120,5,1377657481134050107,1823639970583859415,5919194508779252968,1b2b1942753879cc50aa4bd5bffe38e68cc49f8de5611616b98f39260236b3e4,e909e1c5ca1dbc68e129a0f8a280b0b6e65707f643dbd55d9c102db9ddf9ece7,4,6.77450567884228,4.77450567884228,593,144,80,6.28103611255343,0.5555555555555556,14,130,0,1,0,1,1,0
validation,continuous,attack_sweep_continuous,attack,120,5,1377657481134050107,1823639970583859415,14854723662357890916,1b2b1942753879cc50aa4bd5bffe38e68cc49f8de5611616b98f39260236b3e4,e909e1c5ca1dbc68e129a0f8a280b0b6e65707f643dbd55d9c102db9ddf9ece7,1,6.02450567884228,4.02450567884228,1793,144,144,7.169925001442332,1.0,13,131,0,1,1,1,1,1
validation,continuous,attack_sweep_continuous,attack,120,5,1377657481134050107,1823639970583859415,14854723662357890916,1b2b1942753879cc50aa4bd5bffe38e68cc49f8de5611616b98f39260236b3e4,e909e1c5ca1dbc68e129a0f8a280b0b6e65707f643dbd55d9c102db9ddf9ece7,2,6.27450567884228,4.27450567884228,872,145,145,7.179909090014958,1.0,16,129,0,1,1,1,1,1
validation,continuous,attack_sweep_continuous,attack,120,5,1377657481134050107,1823639970583859415,14854723662357890916,1b2b1942753879cc50aa4bd5bffe38e68cc49f8de5611616b98f39260236b3e4,e909e1c5ca1dbc68e129a0f8a280b0b6e65707f643dbd55d9c102db9ddf9ece7,3,6.52450567884228,4.52450567884228,1118,140,140,7.129283016944978,1.0,16,124,0,1,1,1,1,1
validation,continuous,attack_sweep_continuous,attack,120,5,1377657481134050107,1823639970583859415,14854723662357890916,1b2b1942753879cc50aa4bd5bffe38e68cc49f8de5611616b98f39260236b3e4,e909e1c5ca1dbc68e129a0f8a280b0b6e65707f643dbd55d9c102db9ddf9ece7,4,6.77450567884228,4.77450567884228,593,144,144,7.169925001442332,1.0,17,127,0,1,1,1,1,1
validation,continuous,attack_random_continuous,attack,120,5,1377657481134050107,1823639970583859415,14586340664676403146,1b2b1942753879cc50aa4bd5bffe38e68cc49f8de5611616b98f39260236b3e4,e909e1c5ca1dbc68e129a0f8a280b0b6e65707f643dbd55d9c102db9ddf9ece7,1,6.02450567884228,4.02450567884228,1793,144,138,7.081349393788418,0.9583333333333334,15,129,0,1,1,1,1,1
validation,continuous,attack_random_continuous,attack,120,5,1377657481134050107,1823639970583859415,14586340664676403146,1b2b1942753879cc50aa4bd5bffe38e68cc49f8de5611616b98f39260236b3e4,e909e1c5ca1dbc68e129a0f8a280b0b6e65707f643dbd55d9c102db9ddf9ece7,2,6.27450567884228,4.27450567884228,872,145,139,7.0971504693253005,0.9586206896551724,17,128,0,1,1,1,1,1
validation,continuous,attack_random_continuous,attack,120,5,1377657481134050107,1823639970583859415,14586340664676403146,1b2b1942753879cc50aa4bd5bffe38e68cc49f8de5611616b98f39260236b3e4,e909e1c5ca1dbc68e129a0f8a280b0b6e65707f643dbd55d9c102db9ddf9ece7,3,6.52450567884228,4.52450567884228,1118,140,136,7.07214015980212,0.9714285714285714,15,125,0,1,1,1,1,1
validation,continuous,attack_random_continuous,attack,120,5,1377657481134050107,1823639970583859415,14586340664676403146,1b2b1942753879cc50aa4bd5bffe38e68cc49f8de5611616b98f39260236b3e4,e909e1c5ca1dbc68e129a0f8a280b0b6e65707f643dbd55d9c102db9ddf9ece7,4,6.77450567884228,4.77450567884228,593,144,139,7.100480556997887,0.9652777777777778,15,129,0,1,1,1,1,1
