level_samples_per_window,behavior,run_idx,seed,decisions,offered_fragments_per_second,measurement_seconds,actual_queries_per_second,actual_fragments_per_second,blocks_legacy,blocks_combined,blocks_volume,blocks_entropy,blocks_unique,fpr_legacy,fpr_combined,fpr_volume,fpr_entropy,fpr_unique,entropy_mean,entropy_p95,samples_mean,unique_ratio_mean,raw_decisions_file,raw_decisions_sha256
600,random2048,0,80262610,300,299.500000,1.022069,293.522239,293.522239,300,300,300,300,300,1.000000,1.000000,1.000000,1.000000,1.000000,8.9660,8.9938,603.143,0.8684,raw_decisions/high_load/random2048/level_600/run_00_seed_80262610.jsonl,d62955e0e42a5f6dc6f75df4031c6cc184f5ba39ed62c09a938f2e2ab5705d2d
600,random2048,1,80262611,300,299.500000,1.124552,266.772808,266.772808,300,300,300,300,300,1.000000,1.000000,1.000000,1.000000,1.000000,8.9695,9.0136,600.110,0.8771,raw_decisions/high_load/random2048/level_600/run_01_seed_80262611.jsonl,c2a684685d9a678f836470c89feec177cda329921fc4b4043ed6368be153ea2b
600,random2048,2,80262612,300,299.500000,1.045695,286.890628,286.890628,300,300,300,300,300,1.000000,1.000000,1.000000,1.000000,1.000000,8.9459,8.9849,588.580,0.8768,raw_decisions/high_load/random2048/level_600/run_02_seed_80262612.jsonl,89d6896a37032d1988567711ae8816f48797ae183ee65b932bfbcb88e9eaccf0
600,random2048,3,80262613,300,299.500000,0.987110,303.917489,303.917489,300,300,300,300,300,1.000000,1.000000,1.000000,1.000000,1.000000,8.9482,9.0017,589.943,0.8769,raw_decisions/high_load/random2048/level_600/run_03_seed_80262613.jsonl,32dca93417a8e5818a93b11c4bde29d08cad0d66f0483cb45a461da60f9c0a2f
600,random2048,4,80262614,300,299.500000,1.100597,272.579341,272.579341,300,300,300,300,300,1.000000,1.000000,1.000000,1.000000,1.000000,8.9170,8.9662,582.353,0.8689,raw_decisions/high_load/random2048/level_600/run_04_seed_80262614.jsonl,42207c3f980246f29a291cf098bd5a6af2af0110f833ab522aec5f14e27fabd8
600,random2048,5,80262615,300,299.500000,0.994986,301.511894,301.511894,300,300,300,300,300,1.000000,1.000000,1.000000,1.000000,1.000000,8.8978,8.9160,565.317,0.8786,raw_decisions/high_load/random2048/level_600/run_05_seed_80262615.jsonl,b6420ac42be18737295a3444f112581b6058f51934e2ab425cf82654f7d4a53d
600,random2048,6,80262616,300,299.500000,0.957009,313.476647,313.476647,300,300,300,300,300,1.000000,1.000000,1.000000,1.000000,1.000000,8.8994,8.9860,572.403,0.8748,raw_decisions/high_load/random2048/level_600/run_06_seed_80262616.jsonl,9e95caef9eb342aae0fdf21d9bc0e9eae8d1acc056a46fee125ef2c8bed2071d
600,random2048,7,80262617,300,299.500000,1.152922,260.208364,260.208364,300,300,300,300,300,1.000000,1.000000,1.000000,1.000000,1.000000,8.9086,8.9515,588.823,0.8575,raw_decisions/high_load/random2048/level_600/run_07_seed_80262617.jsonl,a09c55fccd8d5627d811452709ae9bb0daf9ec7aaa08c1aa213ddedd6b5a5f7b
600,random2048,8,80262618,300,299.500000,1.021368,293.723726,293.723726,300,300,300,300,300,1.000000,1.000000,1.000000,1.000000,1.000000,8.9051,8.9234,590.067,0.8554,raw_decisions/high_load/random2048/level_600/run_08_seed_80262618.jsonl,fc343f2b5206c857f4e10bcf1fc7622a1b9988d45b1af1429588527ae97bab00
600,random2048,9,80262619,300,299.500000,1.099336,272.891956,272.891956,300,300,300,300,300,1.000000,1.000000,1.000000,1.000000,1.000000,8.8254,8.8472,553.363,0.8613,raw_decisions/high_load/random2048/level_600/run_09_seed_80262619.jsonl,08c93b87f13a1607c150c21feb28493fcde98721dc035127ea11f0cbfc8c7918
600,random2048,10,80262620,300,299.500000,0.965532,310.709395,310.709395,300,300,300,300,300,1.000000,1.000000,1.000000,1.000000,1.000000,8.9420,8.9633,600.097,0.8625,raw_decisions/high_load/random2048/level_600/run_10_seed_80262620.jsonl,924349e4a53f64178cd4c123851ef6b6c2ec3dce687d1f131bbd8b7904abdd53
600,random2048,11,80262621,300,299.500000,1.009228,297.256978,297.256978,300,300,300,300,300,1.000000,1.000000,1.000000,1.000000,1.000000,9.0310,9.0678,628.480,0.8708,raw_decisions/high_load/random2048/level_600/run_11_seed_80262621.jsonl,34dd67e879cbb4e4c991a0d6672f9e1be4ce22bcbf8c53f9c5dc6476abfb1087
600,random2048,12,80262622,300,299.500000,0.986505,304.103847,304.103847,300,300,300,300,300,1.000000,1.000000,1.000000,1.000000,1.000000,9.0140,9.0308,618.567,0.8738,raw_decisions/high_load/random2048/level_600/run_12_seed_80262622.jsonl,295e3985f6d3f995ece7ddd61e1269201312c3c010a6318abfc5cf47202974b3
600,random2048,13,80262623,300,299.500000,1.064393,281.850727,281.850727,300,300,300,300,300,1.000000,1.000000,1.000000,1.000000,1.000000,8.9542,8.9864,593.097,0.8759,raw_decisions/high_load/random2048/level_600/run_13_seed_80262623.jsonl,815486360cfa6d3c4d2da919f9c0432aba9c037ec52f4d213b530426f656be46
600,random2048,14,80262624,300,299.500000,0.907453,330.595459,330.595459,300,300,300,300,300,1.000000,1.000000,1.000000,1.000000,1.000000,8.9946,9.0255,615.610,0.8673,raw_decisions/high_load/random2048/level_600/run_14_seed_80262624.jsonl,c0e17639923d62b0f5f95c210173fecf481cc0c6272998b578043a6a739969f7
600,random2048,15,80262625,300,299.500000,1.010462,296.893893,296.893893,300,300,300,300,300,1.000000,1.000000,1.000000,1.000000,1.000000,8.9055,8.9326,571.873,0.8785,raw_decisions/high_load/random2048/level_600/run_15_seed_80262625.jsonl,bba37f7ac0235a06b3f96114649e660a5380761e7c76e65276e21a1c508de669
600,random2048,16,80262626,300,299.500000,1.047488,286.399594,286.399594,300,300,300,300,300,1.000000,1.000000,1.000000,1.000000,1.000000,8.8482,8.9059,561.847,0.8636,raw_decisions/high_load/random2048/level_600/run_16_seed_80262626.jsonl,1de98bbc3695633a4440acf29aa3c4b24cc08d4c3bfff25061fe0ad241723b4f
600,random2048,17,80262627,300,299.500000,1.046036,286.796911,286.796911,300,300,300,300,300,1.000000,1.000000,1.000000,1.000000,1.000000,8.9687,8.9956,585.840,0.8900,raw_decisions/high_load/random2048/level_600/run_17_seed_80262627.jsonl,11900769c4be78362da470533cd1ac24bc48263e11d605c69dbc1b5b645db70f
600,random2048,18,80262628,300,299.500000,0.995530,301.347117,301.347117,300,300,300,300,300,1.000000,1.000000,1.000000,1.000000,1.000000,8.9625,8.9892,601.630,0.8684,raw_decisions/high_load/random2048/level_600/run_18_seed_80262628.jsonl,83a7a5e26a84743d6a4daf7617aa903193d8638e3988f3fdff6a5e37a72ef8ac
600,random2048,19,80262629,300,299.500000,1.004685,298.600945,298.600945,300,300,300,300,300,1.000000,1.000000,1.000000,1.000000,1.000000,8.9653,8.9952,587.880,0.8868,raw_decisions/high_load/random2048/level_600/run_19_seed_80262629.jsonl,c7fa66197b3012cb6066d46569428eef4d447bc49bf37e8f4b7b54204fc2fbe4
1200,random2048,0,140264410,300,599.500000,0.479487,625.668860,625.668860,300,300,300,300,300,1.000000,1.000000,1.000000,1.000000,1.000000,9.6247,9.6379,1145.347,0.7499,raw_decisions/high_load/random2048/level_1200/run_00_seed_140264410.jsonl,50b808366a92243004e6d5cdb900bd9f1641449f7698ab4ecda7818529370d69
1200,random2048,1,140264411,300,599.500000,0.510281,587.911565,587.911565,300,300,300,300,300,1.000000,1.000000,1.000000,1.000000,1.000000,9.7231,9.7369,1211.263,0.7590,raw_decisions/high_load/random2048/level_1200/run_01_seed_140264411.jsonl,71a9d6acd817ad76a2fcc0bf41b3d8aab5d4ccdef41c403da337c5140a81043f
1200,random2048,2,140264412,300,599.500000,0.462003,649.346198,649.346198,300,300,300,300,300,1.000000,1.000000,1.000000,1.000000,1.000000,9.7106,9.7288,1208.390,0.7503,raw_decisions/high_load/random2048/level_1200/run_02_seed_140264412.jsonl,2ef7d09235d9ef33b4a0a6ee57216e962ffc334c79889b0c78764c015e9b1b8b
1200,random2048,3,140264413,300,599.500000,0.487135,615.845488,615.845488,300,300,300,300,300,1.000000,1.000000,1.000000,1.000000,1.000000,9.6888,9.7019,1183.960,0.7571,raw_decisions/high_load/random2048/level_1200/run_03_seed_140264413.jsonl,ab8f1eaa8693a53908baf980884bb1c7f1496c8aba38d88afcc7059d5d2a9e8e
1200,random2048,4,140264414,300,599.500000,0.570502,525.852914,525.852914,300,300,300,300,300,1.000000,1.000000,1.000000,1.000000,1.000000,9.6987,9.7512,1184.733,0.7617,raw_decisions/high_load/random2048/level_1200/run_04_seed_140264414.jsonl,79e36973deeb9cfbca17c6e18f5281a45f76007111fb5fa2e362786577bc796a
1200,random2048,5,140264415,300,599.500000,0.508046,590.497337,590.497337,300,300,300,300,300,1.000000,1.000000,1.000000,1.000000,1.000000,9.6509,9.6654,1129.813,0.7719,raw_decisions/high_load/random2048/level_1200/run_05_seed_140264415.jsonl,bb55c597e9d5827b8cefaeae565cf76ea75da1af4243c318724a3c31371bad4c
1200,random2048,6,140264416,300,599.500000,0.507192,591.491569,591.491569,300,300,300,300,300,1.000000,1.000000,1.000000,1.000000,1.000000,9.7068,9.7297,1184.307,0.7635,raw_decisions/high_load/random2048/level_1200/run_06_seed_140264416.jsonl,dbfc953e8994244bd089a1e15975041840e76d3333d814f8af415c900258f872
1200,random2048,7,140264417,300,599.500000,0.486040,617.232679,617.232679,300,300,300,300,300,1.000000,1.000000,1.000000,1.000000,1.000000,9.6928,9.7128,1194.010,0.7542,raw_decisions/high_load/random2048/level_1200/run_07_seed_140264417.jsonl,3109f2e0d9f55dd658ef0233a809753e283d91c8addae07e4e9907a5d3ea3bf6
1200,random2048,8,140264418,300,599.500000,0.485877,617.440212,617.440212,300,300,300,300,300,1.000000,1.000000,1.000000,1.000000,1.000000,9.6937,9.7084,1195.987,0.7526,raw_decisions/high_load/random2048/level_1200/run_08_seed_140264418.jsonl,9135bf747d84cff35ad3b34563954497f72d7171b51848c1c2e32a259d564f07
1200,random2048,9,140264419,300,599.500000,0.519740,577.211825,577.211825,300,300,300,300,300,1.000000,1.000000,1.000000,1.000000,1.000000,9.7230,9.7333,1214.697,0.7561,raw_decisions/high_load/random2048/level_1200/run_09_seed_140264419.jsonl,b62fdb9d1c8ba0770879ae607af30208bba2f9ef68982a14096c5dc3e80027d5
1200,random2048,10,140264420,300,599.500000,0.510455,587.710920,587.710920,300,300,300,300,300,1.000000,1.000000,1.000000,1.000000,1.000000,9.6571,9.6742,1162.960,0.7539,raw_decisions/high_load/random2048/level_1200/run_10_seed_140264420.jsonl,7ce27ff1ef48cbc1d1d51ee6ecea35dc4c2209621ab8fca924411b4c4a34d575
1200,random2048,11,140264421,300,599.500000,0.548995,546.453160,546.453160,300,300,300,300,300,1.000000,1.000000,1.000000,1.000000,1.000000,9.6875,9.6987,1176.267,0.7602,raw_decisions/high_load/random2048/level_1200/run_11_seed_140264421.jsonl,b4f33ad1c7b3e76a48d5b46b9071b9cfe531e75e8ede8bb3782629390f488063
1200,random2048,12,140264422,300,599.500000,0.610612,491.310553,491.310553,300,300,300,300,300,1.000000,1.000000,1.000000,1.000000,1.000000,9.6684,9.6922,1177.333,0.7508,raw_decisions/high_load/random2048/level_1200/run_12_seed_140264422.jsonl,1b42ca06e4abc57487b9c20ce9a3525db08e0dff5d3fb4af7d39e68ac8437dd5
1200,random2048,13,140264423,300,599.500000,0.477223,628.636799,628.636799,300,300,300,300,300,1.000000,1.000000,1.000000,1.000000,1.000000,9.6762,9.7044,1182.583,0.7524,raw_decisions/high_load/random2048/level_1200/run_13_seed_140264423.jsonl,876392286245f06eeb403eb17caf9d1feb3cf55b2fda9ed529481ffabf5fa843
1200,random2048,14,140264424,300,599.500000,0.540123,555.428599,555.428599,300,300,300,300,300,1.000000,1.000000,1.000000,1.000000,1.000000,9.7199,9.7354,1174.283,0.7739,raw_decisions/high_load/random2048/level_1200/run_14_seed_140264424.jsonl,02263f7df54998e8ee92ad46c2e9c82a16eb2477113c4682d62d4ad5f044cb58
1200,random2048,15,140264425,300,599.500000,0.485754,617.596785,617.596785,300,300,300,300,300,1.000000,1.000000,1.000000,1.000000,1.000000,9.6810,9.6964,1210.300,0.7398,raw_decisions/high_load/random2048/level_1200/run_15_seed_140264425.jsonl,489ba8ec341b69ab940f38253a891362c307c9d841b81e33f56cea891b78b2cc
1200,random2048,16,140264426,300,599.500000,0.502270,597.287929,597.287929,300,300,300,300,300,1.000000,1.000000,1.000000,1.000000,1.000000,9.6738,9.6964,1177.583,0.7535,raw_decisions/high_load/random2048/level_1200/run_16_seed_140264426.jsonl,a67d8930352a87403b9a1134aba9443c40e8d6a9447547e4398b1abae69eebe3
1200,random2048,17,140264427,300,599.500000,0.503244,596.132671,596.132671,300,300,300,300,300,1.000000,1.000000,1.000000,1.000000,1.000000,9.7075,9.7154,1160.887,0.7783,raw_decisions/high_load/random2048/level_1200/run_17_seed_140264427.jsonl,93a47e7da9b45c03d1160f347c25e1b8474199a3997c8ac0bffb50b0937984b3
1200,random2048,18,140264428,300,599.500000,0.517799,579.375151,579.375151,300,300,300,300,300,1.000000,1.000000,1.000000,1.000000,1.000000,9.7242,9.7465,1158.247,0.7857,raw_decisions/high_load/random2048/level_1200/run_18_seed_140264428.jsonl,51cf338c9e3cf8ef3eeebcad1c96a0ff466c29c05e9ab8a7e013a8f3091dd41c
1200,random2048,19,140264429,300,599.500000,0.501065,598.724876,598.724876,300,300,300,300,300,1.000000,1.000000,1.000000,1.000000,1.000000,9.6852,9.7009,1164.380,0.7652,raw_decisions/high_load/random2048/level_1200/run_19_seed_140264429.jsonl,a33233ba7948e917a60a18842cab31c705d7c4869951af648afdb0e22dc113e2
1400,random2048,0,160265010,300,699.500000,0.420241,713.875365,713.875365,300,300,300,300,300,1.000000,1.000000,1.000000,1.000000,1.000000,9.8912,9.8990,1426.530,0.7303,raw_decisions/high_load/random2048/level_1400/run_00_seed_160265010.jsonl,8c9efc64f86adc7a0262e5f78568918b049aabf8b517ac55bf63f98358a156cf
1400,random2048,1,160265011,300,699.500000,0.443036,677.145360,677.145360,300,300,300,300,300,1.000000,1.000000,1.000000,1.000000,1.000000,9.8409,9.8614,1376.477,0.7260,raw_decisions/high_load/random2048/level_1400/run_01_seed_160265011.jsonl,93586f40be1a223d182307b6e01ab3b1f9d6e03c8e9ab418ff8b82fdfee5b093
1400,random2048,2,160265012,300,699.500000,0.426022,704.189324,704.189324,300,300,300,300,300,1.000000,1.000000,1.000000,1.000000,1.000000,9.8487,9.8733,1398.817,0.7196,raw_decisions/high_load/random2048/level_1400/run_02_seed_160265012.jsonl,8d13eae5c4513579ca88b48218544e0f0223f37cdd59236c4f64a9514aacb466
1400,random2048,3,160265013,300,699.500000,0.455875,658.074463,658.074463,300,300,300,300,300,1.000000,1.000000,1.000000,1.000000,1.000000,9.8189,9.8303,1395.847,0.7172,raw_decisions/high_load/random2048/level_1400/run_03_seed_160265013.jsonl,0e71020d418a089d3c7687e1d3eb0caaac3069f84d0f77a2837b2b4b5e8444aa
1400,random2048,4,160265014,300,699.500000,0.374978,800.046801,800.046801,300,300,300,300,300,1.000000,1.000000,1.000000,1.000000,1.000000,9.8989,9.9138,1439.443,0.7252,raw_decisions/high_load/random2048/level_1400/run_04_seed_160265014.jsonl,6f6ff667c491a6b4fa7baeddb1db2d5c1df0c5121cc1bad2c41350d4d2384832
1400,random2048,5,160265015,300,699.500000,0.424726,706.337648,706.337648,300,300,300,300,300,1.000000,1.000000,1.000000,1.000000,1.000000,9.8033,9.8115,1363.490,0.7196,raw_decisions/high_load/random2048/level_1400/run_05_seed_160265015.jsonl,d92a286a7d1410db3955c0c78a43c5ca4df1164f7a1a0d5e55d16262161815a5
1400,random2048,6,160265016,300,699.500000,0.425565,704.945143,704.945143,300,300,300,300,300,1.000000,1.000000,1.000000,1.000000,1.000000,9.8735,9.8952,1379.740,0.7394,raw_decisions/high_load/random2048/level_1400/run_06_seed_160265016.jsonl,b56b391fc48133d808746078454a890cfeab76cef9f407e1a214ebf2dc9d226d
1400,random2048,7,160265017,300,699.500000,0.491799,610.005839,610.005839,300,300,300,300,300,1.000000,1.000000,1.000000,1.000000,1.000000,9.8492,9.8615,1419.550,0.7141,raw_decisions/high_load/random2048/level_1400/run_07_seed_160265017.jsonl,e2392904a7c9b39b15701ad46567f2d3814717ea99e4af6b72287491f5916bd9
1400,random2048,8,160265018,300,699.500000,0.441389,679.671835,679.671835,300,300,300,300,300,1.000000,1.000000,1.000000,1.000000,1.000000,9.8193,9.8307,1361.110,0.7283,raw_decisions/high_load/random2048/level_1400/run_08_seed_160265018.jsonl,e89f14236f8bd8aa5a813e55b08beb69f0b7a8ae71011957cc3aa4f872712a15
1400,random2048,9,160265019,300,699.500000,0.407372,736.427875,736.427875,300,300,300,300,300,1.000000,1.000000,1.000000,1.000000,1.000000,9.8761,9.8853,1438.307,0.7185,raw_decisions/high_load/random2048/level_1400/run_09_seed_160265019.jsonl,c9d4a834c968a6df4b1393073bb51c308f0c5158663c5d67e79591b4847b482e
1400,random2048,10,160265020,300,699.500000,0.404220,742.169692,742.169692,300,300,300,300,300,1.000000,1.000000,1.000000,1.000000,1.000000,9.8183,9.8257,1404.740,0.7058,raw_decisions/high_load/random2048/level_1400/run_10_seed_160265020.jsonl,a98ff37a0c0b91fa77b88c86dd5775d8a16d4279a98671c7df2e8e45a1902999
1400,random2048,11,160265021,300,699.500000,0.400062,749.883380,749.883380,300,300,300,300,300,1.000000,1.000000,1.000000,1.000000,1.000000,9.8589,9.8673,1398.600,0.7255,raw_decisions/high_load/random2048/level_1400/run_11_seed_160265021.jsonl,caed8df6bd12625e8ca12b2a1bdba5df2c854e1770a69b3e681d159ecfeaa117
1400,random2048,12,160265022,300,699.500000,0.402694,744.983194,744.983194,300,300,300,300,300,1.000000,1.000000,1.000000,1.000000,1.000000,9.8031,9.8177,1348.870,0.7267,raw_decisions/high_load/random2048/level_1400/run_12_seed_160265022.jsonl,c9325e9eebb6f4836a5f343763372b4f350c9d288f8263164828f545e0ce93ad
1400,random2048,13,160265023,300,699.500000,0.452876,662.433435,662.433435,300,300,300,300,300,1.000000,1.000000,1.000000,1.000000,1.000000,9.8542,9.8648,1372.047,0.7368,raw_decisions/high_load/random2048/level_1400/run_13_seed_160265023.jsonl,5fbf027a3fdb2dd94ef118e65e86d91d99d2fa5e08885f528f833793ff4780a8
1400,random2048,14,160265024,300,699.500000,0.388633,771.937011,771.937011,300,300,300,300,300,1.000000,1.000000,1.000000,1.000000,1.000000,9.8511,9.8586,1416.830,0.7161,raw_decisions/high_load/random2048/level_1400/run_14_seed_160265024.jsonl,3c43ef9979aec18f489d7c0765bf4272e3b47887e2882342d192ecb7425ebebb
1400,random2048,15,160265025,300,699.500000,0.402554,745.241220,745.241220,300,300,300,300,300,1.000000,1.000000,1.000000,1.000000,1.000000,9.8993,9.9104,1458.907,0.7223,raw_decisions/high_load/random2048/level_1400/run_15_seed_160265025.jsonl,46acf1000c3cc7052bdca93258af82487dab7e0e30176b2d200206b510ec3be8
1400,random2048,16,160265026,300,699.500000,0.431967,694.496892,694.496892,300,300,300,300,300,1.000000,1.000000,1.000000,1.000000,1.000000,9.8579,9.8843,1358.490,0.7432,raw_decisions/high_load/random2048/level_1400/run_16_seed_160265026.jsonl,e3557ad2c51e0f7c7e46f25e5e45adacb301a0a376d2d292d991e1c58a270b64
1400,random2048,17,160265027,300,699.500000,0.415032,722.835381,722.835381,300,300,300,300,300,1.000000,1.000000,1.000000,1.000000,1.000000,9.7640,9.7928,1321.443,0.7215,raw_decisions/high_load/random2048/level_1400/run_17_seed_160265027.jsonl,0bb3ce7c3e625f0ec3f98ab6282e0943e6c0e3c33e90aa2b8f4b1faa8cffad54
1400,random2048,18,160265028,300,699.500000,0.440980,680.302727,680.302727,300,300,300,300,300,1.000000,1.000000,1.000000,1.000000,1.000000,9.8688,9.8773,1418.970,0.7206,raw_decisions/high_load/random2048/level_1400/run_18_seed_160265028.jsonl,580c13d31a8b9078b1af98d07840990d238bc48350f533d011f683e32d37f969
1400,random2048,19,160265029,300,699.500000,0.411474,729.086898,729.086898,300,300,300,300,300,1.000000,1.000000,1.000000,1.000000,1.000000,9.7973,9.8042,1338.643,0.7299,raw_decisions/high_load/random2048/level_1400/run_19_seed_160265029.jsonl,5efddd264355aea02f467e6d75da4bced60ff79ac463fbab19ef7d0962e5f600
1600,random2048,0,180265610,300,799.500000,0.368305,814.541282,814.541282,300,0,300,300,0,1.000000,0.000000,1.000000,1.000000,0.000000,9.9413,9.9602,1587.003,0.6852,raw_decisions/high_load/random2048/level_1600/run_00_seed_180265610.jsonl,f1344c2507ac39d622fe130d12cc31307318129889ff677306acd31beff82baf
1600,random2048,1,180265611,300,799.500000,0.389485,770.247427,770.247427,300,0,300,300,0,1.000000,0.000000,1.000000,1.000000,0.000000,9.9646,9.9773,1597.937,0.6921,raw_decisions/high_load/random2048/level_1600/run_01_seed_180265611.jsonl,97cf376db333cbeb41ca45871a7fd0ee7a7fd7f0e424874606de3cabd04b8103
1600,random2048,2,180265612,300,799.500000,0.393098,763.167724,763.167724,300,78,300,300,78,1.000000,0.260000,1.000000,1.000000,0.260000,9.9488,9.9573,1563.473,0.6986,raw_decisions/high_load/random2048/level_1600/run_02_seed_180265612.jsonl,dbcb56a94b55eafdd976c7954631a5628cb01d7fa9c7cd62fe7e37150ca63d65
1600,random2048,3,180265613,300,799.500000,0.404602,741.469985,741.469985,300,24,300,300,24,1.000000,0.080000,1.000000,1.000000,0.080000,9.9542,9.9749,1576.870,0.6929,raw_decisions/high_load/random2048/level_1600/run_03_seed_180265613.jsonl,7209cfaf208b382ad8284e42f815ba0dc0a68acb4d5beeda7494ff3f4182825d
1600,random2048,4,180265614,300,799.500000,0.387806,773.581917,773.581917,300,28,300,300,28,1.000000,0.093333,1.000000,1.000000,0.093333,9.9680,9.9773,1590.110,0.6946,raw_decisions/high_load/random2048/level_1600/run_04_seed_180265614.jsonl,8e0dab81b5af2d0382ce1d2d504ad3a03d5a868bb727f794c9c53e80ca8c8113
1600,random2048,5,180265615,300,799.500000,0.346366,866.136365,866.136365,300,0,300,300,0,1.000000,0.000000,1.000000,1.000000,0.000000,9.9697,9.9805,1615.170,0.6858,raw_decisions/high_load/random2048/level_1600/run_05_seed_180265615.jsonl,2a0fd06c3632e6ba237885ff049befdc14cba0ea18c02dc7aeca216b64daa3ea
1600,random2048,6,180265616,300,799.500000,0.367273,816.830676,816.830676,300,23,300,300,23,1.000000,0.076667,1.000000,1.000000,0.076667,9.9704,9.9882,1591.040,0.6951,raw_decisions/high_load/random2048/level_1600/run_06_seed_180265616.jsonl,50b2b91306a55ef54fd18e9d966aceb7a56633a82d11a3d4848bfbdcc13331f1
1600,random2048,7,180265617,300,799.500000,0.384558,780.115666,780.115666,300,0,300,300,0,1.000000,0.000000,1.000000,1.000000,0.000000,9.9473,9.9552,1589.113,0.6873,raw_decisions/high_load/random2048/level_1600/run_07_seed_180265617.jsonl,63420debaa0a217983c97c95f82009263d3a449852a143b68d4eec480efd941f
1600,random2048,8,180265618,300,799.500000,0.396625,756.381797,756.381797,300,0,300,300,0,1.000000,0.000000,1.000000,1.000000,0.000000,9.9228,9.9349,1563.490,0.6878,raw_decisions/high_load/random2048/level_1600/run_08_seed_180265618.jsonl,7a55d04771dbdbde54e42b764e9d7c2db4c935ccf7a7b32a9f29da4400dd4ea3
1600,random2048,9,180265619,300,799.500000,0.387616,773.961893,773.961893,300,0,300,300,0,1.000000,0.000000,1.000000,1.000000,0.000000,9.9949,10.0065,1681.760,0.6747,raw_decisions/high_load/random2048/level_1600/run_09_seed_180265619.jsonl,42634baee82545004bcb19520c73c152d4b5fcd48a5a78309d851d3f4faceeab
1600,random2048,10,180265620,300,799.500000,0.355968,842.773141,842.773141,300,290,300,300,290,1.000000,0.966667,1.000000,1.000000,0.966667,9.9462,9.9654,1551.853,0.7021,raw_decisions/high_load/random2048/level_1600/run_10_seed_180265620.jsonl,65b8b3063ddc153f4b1929bd48f151eeef8624487d5bfa1c8f4167326612ac43
1600,random2048,11,180265621,300,799.500000,0.363753,824.734380,824.734380,300,0,300,300,0,1.000000,0.000000,1.000000,1.000000,0.000000,9.9925,10.0074,1676.510,0.6767,raw_decisions/high_load/random2048/level_1600/run_11_seed_180265621.jsonl,f9f0196dad1b4daebdcb752df6effc23a410996b86a81a80e04a9347701c6a13
1600,random2048,12,180265622,300,799.500000,0.364925,822.086822,822.086822,300,0,300,300,0,1.000000,0.000000,1.000000,1.000000,0.000000,9.9754,9.9857,1615.353,0.6852,raw_decisions/high_load/random2048/level_1600/run_12_seed_180265622.jsonl,fd84c515acee138b925ea26fd54ab204ecc533437f753807aaacefa8e86bf96b
1600,random2048,13,180265623,300,799.500000,0.371985,806.484374,806.484374,300,300,300,300,300,1.000000,1.000000,1.000000,1.000000,1.000000,9.9546,9.9617,1542.623,0.7062,raw_decisions/high_load/random2048/level_1600/run_13_seed_180265623.jsonl,a10bc131ab2167749453a5bed2841c30af28d83d04924f00afb8039d7088d170
1600,random2048,14,180265624,300,799.500000,0.358639,836.495914,836.495914,300,300,300,300,300,1.000000,1.000000,1.000000,1.000000,1.000000,10.0165,10.0318,1619.000,0.7049,raw_decisions/high_load/random2048/level_1600/run_14_seed_180265624.jsonl,69be3b7b1c1696363afe8fd29a2a8ecbce63e5d51e32c30a28e8f481edc40849
1600,random2048,15,180265625,300,799.500000,0.367327,816.711183,816.711183,300,0,300,300,0,1.000000,0.000000,1.000000,1.000000,0.000000,9.9459,9.9555,1585.503,0.6867,raw_decisions/high_load/random2048/level_1600/run_15_seed_180265625.jsonl,bc7363fb1f1e82f2441aab858316db08299e9ae067f64d8271e97b3f738b56c5
1600,random2048,16,180265626,300,799.500000,0.399809,750.357427,750.357427,300,0,300,300,0,1.000000,0.000000,1.000000,1.000000,0.000000,9.9776,9.9961,1625.813,0.6873,raw_decisions/high_load/random2048/level_1600/run_16_seed_180265626.jsonl,f631399576909068d08578e86a4f5020acbd351b51479388837d7740b1b6746b
1600,random2048,17,180265627,300,799.500000,0.384680,779.868605,779.868605,300,269,300,300,269,1.000000,0.896667,1.000000,1.000000,0.896667,9.9766,9.9957,1571.220,0.7061,raw_decisions/high_load/random2048/level_1600/run_17_seed_180265627.jsonl,d30ee0ad686c0d5cf70f9091610fc8fb0d97af564806fc9d587aa397637a7ef4
1600,random2048,18,180265628,300,799.500000,0.358051,837.868490,837.868490,300,14,300,300,14,1.000000,0.046667,1.000000,1.000000,0.046667,10.0054,10.0118,1628.230,0.6953,raw_decisions/high_load/random2048/level_1600/run_18_seed_180265628.jsonl,c14d198a65b0b30bb56c091c5a25e85279074ccfdeaa8223e0bc11376d358611
1600,random2048,19,180265629,300,799.500000,0.367235,816.914798,816.914798,300,183,300,300,183,1.000000,0.610000,1.000000,1.000000,0.610000,9.9553,9.9673,1564.867,0.7008,raw_decisions/high_load/random2048/level_1600/run_19_seed_180265629.jsonl,2e6573f381609a2faeb4f16e32f6d84b5aa0f68031a749eb8036b8225c5c13d7
1800,random2048,0,200266210,300,899.500000,0.319165,939.953324,939.953324,300,0,300,300,0,1.000000,0.000000,1.000000,1.000000,0.000000,10.0815,10.0938,1791.000,0.6737,raw_decisions/high_load/random2048/level_1800/run_00_seed_200266210.jsonl,8f4411a787bc838942557105e6e1ce02f9ce9aace5b3290a6341ebdbaa105828
1800,random2048,1,200266211,300,899.500000,0.331275,905.593384,905.593384,300,0,300,300,0,1.000000,0.000000,1.000000,1.000000,0.000000,10.0460,10.0562,1748.910,0.6701,raw_decisions/high_load/random2048/level_1800/run_01_seed_200266211.jsonl,3d5d9035726d3a7d2118162a31bee1ea292aae4f1dcdd4449d656d17cf22e93e
1800,random2048,2,200266212,300,899.500000,0.333752,898.872130,898.872130,300,0,300,300,0,1.000000,0.000000,1.000000,1.000000,0.000000,10.1239,10.1288,1888.013,0.6609,raw_decisions/high_load/random2048/level_1800/run_02_seed_200266212.jsonl,60a917742b1431af218633a182a583af22848b6586e4b989d9d53fd2b4e5e995
1800,random2048,3,200266213,300,899.500000,0.321116,934.240885,934.240885,300,0,300,300,0,1.000000,0.000000,1.000000,1.000000,0.000000,10.0508,10.0684,1773.093,0.6676,raw_decisions/high_load/random2048/level_1800/run_03_seed_200266213.jsonl,40a61857770dd8761b37adffbfbbf4cfec35396804a48b3ea86d1c24f641c689
1800,random2048,4,200266214,300,899.500000,0.377014,795.726189,795.726189,300,0,300,300,0,1.000000,0.000000,1.000000,1.000000,0.000000,10.0870,10.0941,1833.587,0.6627,raw_decisions/high_load/random2048/level_1800/run_04_seed_200266214.jsonl,6e62574ecc3377cf876689a6c90347863a1a2c38a0d249b1d31f1f012be38375
1800,random2048,5,200266215,300,899.500000,0.318514,941.872528,941.872528,300,0,300,300,0,1.000000,0.000000,1.000000,1.000000,0.000000,10.0860,10.0915,1859.730,0.6519,raw_decisions/high_load/random2048/level_1800/run_05_seed_200266215.jsonl,40b28139a26f91dc82bd3f8a3b73c2137076e3f655cba0dc1b849d064f9d8369
1800,random2048,6,200266216,300,899.500000,0.345892,867.322834,867.322834,300,0,300,300,0,1.000000,0.000000,1.000000,1.000000,0.000000,10.0509,10.0620,1780.063,0.6650,raw_decisions/high_load/random2048/level_1800/run_06_seed_200266216.jsonl,d8820087500018187f2bab5d4ad5cb3e92ba67c3740bf0bfd4b8408d1102a8eb
1800,random2048,7,200266217,300,899.500000,0.317635,944.480361,944.480361,300,0,300,300,0,1.000000,0.000000,1.000000,1.000000,0.000000,10.0703,10.0852,1811.987,0.6598,raw_decisions/high_load/random2048/level_1800/run_07_seed_200266217.jsonl,d664965cfb14a1c7e852e310ec26b616b5bd2c1c5a3e99af8121a8872d3d0b2d
1800,random2048,8,200266218,300,899.500000,0.335352,894.583280,894.583280,300,0,300,300,0,1.000000,0.000000,1.000000,1.000000,0.000000,10.0891,10.0980,1813.330,0.6677,raw_decisions/high_load/random2048/level_1800/run_08_seed_200266218.jsonl,449ee05ff210c6fb7c3d3d49d66f28afdc432d91fd175bad09af59f8c845e5cb
1800,random2048,9,200266219,300,899.500000,0.357624,838.869477,838.869477,300,0,300,300,0,1.000000,0.000000,1.000000,1.000000,0.000000,10.0710,10.0868,1821.547,0.6609,raw_decisions/high_load/random2048/level_1800/run_09_seed_200266219.jsonl,96174f0fde538a0239577d26a6c3258ad4943c4ec3d0ffde8a3d1d0b76fbbcd6
1800,random2048,10,200266220,300,899.500000,0.295074,1016.693163,1016.693163,300,0,300,300,0,1.000000,0.000000,1.000000,1.000000,0.000000,10.0524,10.0624,1777.267,0.6661,raw_decisions/high_load/random2048/level_1800/run_10_seed_200266220.jsonl,c7d7c97c510df96afeac2a5523f981b1a81c99b2d9afd33fc174e8983dbd54e3
1800,random2048,11,200266221,300,899.500000,0.310960,964.754980,964.754980,300,0,300,300,0,1.000000,0.000000,1.000000,1.000000,0.000000,10.0599,10.0712,1828.033,0.6513,raw_decisions/high_load/random2048/level_1800/run_11_seed_200266221.jsonl,506a34ffea09d0132d1cdc785207cd1ee22ee39c28fba98429c661644860257a
1800,random2048,12,200266222,300,899.500000,0.376192,797.464292,797.464292,300,0,300,300,0,1.000000,0.000000,1.000000,1.000000,0.000000,10.0611,10.0713,1758.163,0.6743,raw_decisions/high_load/random2048/level_1800/run_12_seed_200266222.jsonl,b7c641ee514b0d8f9554b1cef193a1879f5cf022cc2df142cae7aaa4a786bb4c
1800,random2048,13,200266223,300,899.500000,0.344292,871.354441,871.354441,300,0,300,300,0,1.000000,0.000000,1.000000,1.000000,0.000000,10.0571,10.0672,1853.773,0.6434,raw_decisions/high_load/random2048/level_1800/run_13_seed_200266223.jsonl,4d1eb79e0a83dd7f36baa2ae4840b8a4234e981b3b27bcf3e52ea566dcb72be4
1800,random2048,14,200266224,300,899.500000,0.306575,978.552764,978.552764,300,0,300,300,0,1.000000,0.000000,1.000000,1.000000,0.000000,10.0574,10.0679,1728.717,0.6802,raw_decisions/high_load/random2048/level_1800/run_14_seed_200266224.jsonl,9b78c51f6bc986b5e1c6828e2e72b5ba8770fc2b84f7db6d45482be8e8ca7202
1800,random2048,15,200266225,300,899.500000,0.379230,791.075706,791.075706,300,0,300,300,0,1.000000,0.000000,1.000000,1.000000,0.000000,10.0628,10.0844,1820.293,0.6564,raw_decisions/high_load/random2048/level_1800/run_15_seed_200266225.jsonl,00e3c16152b510ca44789b07d7860b707239c72665f26d12225ab2518a333456
1800,random2048,16,200266226,300,899.500000,0.340124,882.031542,882.031542,300,0,300,300,0,1.000000,0.000000,1.000000,1.000000,0.000000,10.0667,10.0784,1751.850,0.6769,raw_decisions/high_load/random2048/level_1800/run_16_seed_200266226.jsonl,834e3de31b3950ed7f4378eaf692f8ab992889206101d8bbda6cc973ffcc033d
1800,random2048,17,200266227,300,899.500000,0.342207,876.662672,876.662672,300,0,300,300,0,1.000000,0.000000,1.000000,1.000000,0.000000,10.0596,10.0667,1769.267,0.6734,raw_decisions/high_load/random2048/level_1800/run_17_seed_200266227.jsonl,9ddb8f9945226a1def868511797e114785ccbf4c4708da0009d4379638ab4f92
1800,random2048,18,200266228,300,899.500000,0.324031,925.838492,925.838492,300,0,300,300,0,1.000000,0.000000,1.000000,1.000000,0.000000,10.0600,10.0680,1769.587,0.6717,raw_decisions/high_load/random2048/level_1800/run_18_seed_200266228.jsonl,ad282be0c915aa536779c9db8824710d847b20948556503cc5def39ccaa3bd9d
1800,random2048,19,200266229,300,899.500000,0.340725,880.475243,880.475243,300,0,300,300,0,1.000000,0.000000,1.000000,1.000000,0.000000,10.0367,10.0437,1745.703,0.6687,raw_decisions/high_load/random2048/level_1800/run_19_seed_200266229.jsonl,251b42a400ca9a07018222537f1b6cb53443b962e63653891b33e24df362360e
2000,random2048,0,220266810,300,999.500000,0.282206,1063.053369,1063.053369,300,0,300,300,0,1.000000,0.000000,1.000000,1.000000,0.000000,10.1901,10.1993,2016.850,0.6471,raw_decisions/high_load/random2048/level_2000/run_00_seed_220266810.jsonl,9e732398bb1fb099fc418933b832c585b48092185874bf48491c5cec4d598f64
2000,random2048,1,220266811,300,999.500000,0.280734,1068.627751,1068.627751,300,0,300,300,0,1.000000,0.000000,1.000000,1.000000,0.000000,10.1834,10.1881,2062.393,0.6327,raw_decisions/high_load/random2048/level_2000/run_01_seed_220266811.jsonl,2c6107799e3c8ef1f4fe828c9ba47175ddd78e28573b411b2fceaa3761ce884a
2000,random2048,2,220266812,300,999.500000,0.287128,1044.829268,1044.829268,300,0,300,300,0,1.000000,0.000000,1.000000,1.000000,0.000000,10.1639,10.1711,2013.603,0.6407,raw_decisions/high_load/random2048/level_2000/run_02_seed_220266812.jsonl,43d457d0b372850d43b7e7c4b75c7b23e0c968463f56dff2301bd27c12efc320
2000,random2048,3,220266813,300,999.500000,0.311693,962.485564,962.485564,300,0,300,300,0,1.000000,0.000000,1.000000,1.000000,0.000000,10.1634,10.1728,2016.083,0.6387,raw_decisions/high_load/random2048/level_2000/run_03_seed_220266813.jsonl,87718d5b7a88869e39828ee56988d67d9c62ce71e37887ed1909b0fb9caa70cd
2000,random2048,4,220266814,300,999.500000,0.313744,956.193402,956.193402,300,0,300,300,0,1.000000,0.000000,1.000000,1.000000,0.000000,10.1540,10.1668,2003.183,0.6424,raw_decisions/high_load/random2048/level_2000/run_04_seed_220266814.jsonl,89d5c200dec1926e2e18eec228d09150c5d9ca435da0e16fbcd29f04a79c9b13
2000,random2048,5,220266815,300,999.500000,0.307597,975.300543,975.300543,300,0,300,300,0,1.000000,0.000000,1.000000,1.000000,0.000000,10.1593,10.1659,1982.090,0.6454,raw_decisions/high_load/random2048/level_2000/run_05_seed_220266815.jsonl,63c99883c1018f57050159ae5d62e8026bd9696661df96a8998653ab6ee562e8
2000,random2048,6,220266816,300,999.500000,0.336913,890.437305,890.437305,300,0,300,300,0,1.000000,0.000000,1.000000,1.000000,0.000000,10.1150,10.1304,1876.910,0.6554,raw_decisions/high_load/random2048/level_2000/run_06_seed_220266816.jsonl,93ed7b1a298e9c9afc65fe3a3cc8419e5f4681f61b295a12ca5abe059c33d998
2000,random2048,7,220266817,300,999.500000,0.284738,1053.601012,1053.601012,300,0,300,300,0,1.000000,0.000000,1.000000,1.000000,0.000000,10.1867,10.1979,2051.283,0.6379,raw_decisions/high_load/random2048/level_2000/run_07_seed_220266817.jsonl,eebe4e776d6caa6c88d292efd83f55c5816acca76d2899f4d90dbca4aadca67b
2000,random2048,8,220266818,300,999.500000,0.266332,1126.413414,1126.413414,300,0,300,300,0,1.000000,0.000000,1.000000,1.000000,0.000000,10.1697,10.1838,1993.657,0.6422,raw_decisions/high_load/random2048/level_2000/run_08_seed_220266818.jsonl,8c8338b2c9415a6fe3dbe34aa0d3acebbf45a118bcad5a3e9c82ba975ef86492
2000,random2048,9,220266819,300,999.500000,0.311182,964.067184,964.067184,300,0,300,300,0,1.000000,0.000000,1.000000,1.000000,0.000000,10.1378,10.1451,1975.530,0.6411,raw_decisions/high_load/random2048/level_2000/run_09_seed_220266819.jsonl,15203137910f417f6d081f14584356f48fe91e3a619b9c1a8d421b836688c01f
2000,random2048,10,220266820,300,999.500000,0.284150,1055.778711,1055.778711,300,0,300,300,0,1.000000,0.000000,1.000000,1.000000,0.000000,10.1838,10.1941,2099.043,0.6200,raw_decisions/high_load/random2048/level_2000/run_10_seed_220266820.jsonl,b1eb81630265a02e70e4450ddb85cd9f63cc404b1581389843682bd38f2ef178
2000,random2048,11,220266821,300,999.500000,0.307429,975.836174,975.836174,300,0,300,300,0,1.000000,0.000000,1.000000,1.000000,0.000000,10.1641,10.1770,2013.457,0.6396,raw_decisions/high_load/random2048/level_2000/run_11_seed_220266821.jsonl,bd47809bc96f09b04b384f72942ef24fc8c6d28d46bee2915a1139317de2d89a
2000,random2048,12,220266822,300,999.500000,0.281207,1066.828827,1066.828827,300,0,300,300,0,1.000000,0.000000,1.000000,1.000000,0.000000,10.1333,10.1553,1971.463,0.6393,raw_decisions/high_load/random2048/level_2000/run_12_seed_220266822.jsonl,f010eac76b66463b5e80630c31b18cd3a813f686435540779f18ec9fcaf2d2bf
2000,random2048,13,220266823,300,999.500000,0.304138,986.395565,986.395565,300,0,300,300,0,1.000000,0.000000,1.000000,1.000000,0.000000,10.1582,10.1641,1990.333,0.6424,raw_decisions/high_load/random2048/level_2000/run_13_seed_220266823.jsonl,ca19e17088027c02243e652909b4d907a117a505c50c65615362df9065544350
2000,random2048,14,220266824,300,999.500000,0.324461,924.611730,924.611730,300,0,300,300,0,1.000000,0.000000,1.000000,1.000000,0.000000,10.1620,10.1738,1940.643,0.6555,raw_decisions/high_load/random2048/level_2000/run_14_seed_220266824.jsonl,5ad705921c4d24f141512eb0de667f6a660683b4b0ccbd858fd84070b37c1bc9
2000,random2048,15,220266825,300,999.500000,0.324668,924.021717,924.021717,300,0,300,300,0,1.000000,0.000000,1.000000,1.000000,0.000000,10.1400,10.1546,1987.637,0.6364,raw_decisions/high_load/random2048/level_2000/run_15_seed_220266825.jsonl,eea51ccc3f0a3ceb85a3d41418114d66ea8467049d6c51f7ed9c16dc1fc66cb0
2000,random2048,16,220266826,300,999.500000,0.286820,1045.952689,1045.952689,300,0,300,300,0,1.000000,0.000000,1.000000,1.000000,0.000000,10.1844,10.1923,1986.587,0.6521,raw_decisions/high_load/random2048/level_2000/run_16_seed_220266826.jsonl,68ea467c5cced69be903c7f3f85827ef5126db9476c3a4479a23e4e363e6308a
2000,random2048,17,220266827,300,999.500000,0.295109,1016.573293,1016.573293,300,0,300,300,0,1.000000,0.000000,1.000000,1.000000,0.000000,10.1682,10.1770,2012.893,0.6415,raw_decisions/high_load/random2048/level_2000/run_17_seed_220266827.jsonl,fb0b23fdbce57cce3e74a4770ea498741a75cd073f322330fa49fca40f550438
2000,random2048,18,220266828,300,999.500000,0.282319,1062.628367,1062.628367,300,0,300,300,0,1.000000,0.000000,1.000000,1.000000,0.000000,10.0867,10.0954,1932.667,0.6322,raw_decisions/high_load/random2048/level_2000/run_18_seed_220266828.jsonl,cc9235442d50cc30cac36c786ed3d48bf2afcb6b0bf3e115a39d6c931193e5e4
2000,random2048,19,220266829,300,999.500000,0.315327,951.392602,951.392602,300,0,300,300,0,1.000000,0.000000,1.000000,1.000000,0.000000,10.1291,10.1378,1979.980,0.6387,raw_decisions/high_load/random2048/level_2000/run_19_seed_220266829.jsonl,e5771616421fe853de618aab8d4181d45d562a2a50033f9f4e9697c6826bcf5b
3000,random2048,0,320269810,300,1499.500000,0.203449,1474.569591,1474.569591,300,0,300,300,0,1.000000,0.000000,1.000000,1.000000,0.000000,10.4590,10.4646,3043.493,0.5272,raw_decisions/high_load/random2048/level_3000/run_00_seed_320269810.jsonl,f7fc2161532a6ff807552439931a66bad6a10d33fa2cc7f33da2223f7f5d1415
3000,random2048,1,320269811,300,1499.500000,0.232999,1287.558764,1287.558764,300,0,300,300,0,1.000000,0.000000,1.000000,1.000000,0.000000,10.4105,10.4186,2890.433,0.5377,raw_decisions/high_load/random2048/level_3000/run_01_seed_320269811.jsonl,ede9e6afc2cdc64b7390b0581d08c5bee0f9f5209b4508d8bc4713b5844fbdc1
3000,random2048,2,320269812,300,1499.500000,0.205807,1457.674913,1457.674913,300,0,300,300,0,1.000000,0.000000,1.000000,1.000000,0.000000,10.4570,10.4628,3076.063,0.5214,raw_decisions/high_load/random2048/level_3000/run_02_seed_320269812.jsonl,eddf1304280cb61e8f62fada2a24c17747dd454f52068fd731c9d3ef6895b359
3000,random2048,3,320269813,300,1499.500000,0.191808,1564.065225,1564.065225,300,0,300,300,0,1.000000,0.000000,1.000000,1.000000,0.000000,10.4271,10.4321,3051.130,0.5172,raw_decisions/high_load/random2048/level_3000/run_03_seed_320269813.jsonl,cddd811e33d10acc0d64ce50a599a1b7a367ba9a9c292206cd60f28a843c9419
3000,random2048,4,320269814,300,1499.500000,0.199442,1504.197784,1504.197784,300,0,300,300,0,1.000000,0.000000,1.000000,1.000000,0.000000,10.4641,10.4696,3035.687,0.5285,raw_decisions/high_load/random2048/level_3000/run_04_seed_320269814.jsonl,e309513861c17024a37643acf88041c51068b0949cead907976a34ca5df7bd4e
3000,random2048,5,320269815,300,1499.500000,0.187498,1600.014226,1600.014226,300,0,300,300,0,1.000000,0.000000,1.000000,1.000000,0.000000,10.4338,10.4378,2982.327,0.5284,raw_decisions/high_load/random2048/level_3000/run_05_seed_320269815.jsonl,7839dd71cb4365ba29d81904b2303df61a7624f9f98eecffc326fd3d554bcbdf
3000,random2048,6,320269816,300,1499.500000,0.176663,1698.152168,1698.152168,300,0,300,300,0,1.000000,0.000000,1.000000,1.000000,0.000000,10.4436,10.4492,3043.843,0.5246,raw_decisions/high_load/random2048/level_3000/run_06_seed_320269816.jsonl,7c115fffc2b2d6aef57abe73ebf154317cc3a89d043808ccb851fc7ae5ffa2a6
3000,random2048,7,320269817,300,1499.500000,0.199722,1502.089205,1502.089205,300,0,300,300,0,1.000000,0.000000,1.000000,1.000000,0.000000,10.4157,10.4201,2980.707,0.5262,raw_decisions/high_load/random2048/level_3000/run_07_seed_320269817.jsonl,6dcddf9ea666aa7dc477d58b0938ecec98f64d0e67b9af45b87e4be22e1efd3a
3000,random2048,8,320269818,300,1499.500000,0.198605,1510.539454,1510.539454,300,0,300,300,0,1.000000,0.000000,1.000000,1.000000,0.000000,10.4095,10.4167,2943.157,0.5260,raw_decisions/high_load/random2048/level_3000/run_08_seed_320269818.jsonl,fdc69af2df9f113840e0e14e44c4499a05520b042c76b4ecd164958d090d76f7
3000,random2048,9,320269819,300,1499.500000,0.180934,1658.060109,1658.060109,300,0,300,300,0,1.000000,0.000000,1.000000,1.000000,0.000000,10.4304,10.4395,3077.820,0.5167,raw_decisions/high_load/random2048/level_3000/run_09_seed_320269819.jsonl,7dc116dccb9ece4eb4fe6432b8a1c9208e843d986845977c0c54086282a0c0cb
3000,random2048,10,320269820,300,1499.500000,0.187694,1598.344964,1598.344964,300,0,300,300,0,1.000000,0.000000,1.000000,1.000000,0.000000,10.4395,10.4496,3128.733,0.5097,raw_decisions/high_load/random2048/level_3000/run_10_seed_320269820.jsonl,86b0906f83ad60951c0f69b4436970ac2da4d31ccc48b302d29fdc936adda9c5
3000,random2048,11,320269821,300,1499.500000,0.207213,1447.785825,1447.785825,300,0,300,300,0,1.000000,0.000000,1.000000,1.000000,0.000000,10.4383,10.4416,2990.467,0.5269,raw_decisions/high_load/random2048/level_3000/run_11_seed_320269821.jsonl,0625d12782085446d2f6cdc73e85108f01d8a046b6ec5d5046e29c635a1d0f26
3000,random2048,12,320269822,300,1499.500000,0.208047,1441.981447,1441.981447,300,0,300,300,0,1.000000,0.000000,1.000000,1.000000,0.000000,10.4199,10.4234,2984.103,0.5253,raw_decisions/high_load/random2048/level_3000/run_12_seed_320269822.jsonl,d0c187a3d02c770d6ef42bde606363e5c76bfffe20b34182f42259c7484a9723
3000,random2048,13,320269823,300,1499.500000,0.203566,1473.722994,1473.722994,300,0,300,300,0,1.000000,0.000000,1.000000,1.000000,0.000000,10.4359,10.4407,2987.220,0.5282,raw_decisions/high_load/random2048/level_3000/run_13_seed_320269823.jsonl,0ef72ea1f6c5af8e57d8268e100994be506bb9d84b865b4b481c942c5e964454
3000,random2048,14,320269824,300,1499.500000,0.180475,1662.276165,1662.276165,300,0,300,300,0,1.000000,0.000000,1.000000,1.000000,0.000000,10.4507,10.4531,3118.217,0.5131,raw_decisions/high_load/random2048/level_3000/run_14_seed_320269824.jsonl,114cb03b1bed3d049a59ee228b0eac9609d40f4a5570a6fcd791278137f5c187
3000,random2048,15,320269825,300,1499.500000,0.195142,1537.344577,1537.344577,300,0,300,300,0,1.000000,0.000000,1.000000,1.000000,0.000000,10.4292,10.4344,2956.960,0.5286,raw_decisions/high_load/random2048/level_3000/run_15_seed_320269825.jsonl,95c8e096bc21902d65e9aefdab8a78e72e7825718b7608d9cf913b1338d8cf67
3000,random2048,16,320269826,300,1499.500000,0.219118,1369.128347,1369.128347,300,0,300,300,0,1.000000,0.000000,1.000000,1.000000,0.000000,10.4171,10.4217,2917.600,0.5345,raw_decisions/high_load/random2048/level_3000/run_16_seed_320269826.jsonl,620c689efa04a1de0ae24fa01f440bcf7a6382287152e93ec625c170baa71513
3000,random2048,17,320269827,300,1499.500000,0.191101,1569.846470,1569.846470,300,0,300,300,0,1.000000,0.000000,1.000000,1.000000,0.000000,10.4337,10.4391,3033.163,0.5215,raw_decisions/high_load/random2048/level_3000/run_17_seed_320269827.jsonl,220e7e15788525d9d711d208b529bfe4369efa29f8a1ea1b27ef6217208ef6f0
3000,random2048,18,320269828,300,1499.500000,0.185060,1621.096275,1621.096275,300,0,300,300,0,1.000000,0.000000,1.000000,1.000000,0.000000,10.4464,10.4522,3047.223,0.5232,raw_decisions/high_load/random2048/level_3000/run_18_seed_320269828.jsonl,36bdf5672b4d027e26335a498037450e5b711d4389c4f9dffef330c47ecc5f9c
3000,random2048,19,320269829,300,1499.500000,0.230612,1300.885580,1300.885580,300,0,300,300,0,1.000000,0.000000,1.000000,1.000000,0.000000,10.3889,10.3969,2889.103,0.5311,raw_decisions/high_load/random2048/level_3000/run_19_seed_320269829.jsonl,a658b01d9a041b7fff36b98376b265ad963c428f4e178ad81725773216467730
6000,random2048,0,620278810,300,2999.500000,0.096457,3110.185491,3110.185491,300,0,300,300,0,1.000000,0.000000,1.000000,1.000000,0.000000,10.7202,10.7217,5981.807,0.3226,raw_decisions/high_load/random2048/level_6000/run_00_seed_620278810.jsonl,9cb85c24b2fad5ba8fcdf880bac7d9ed27dd527cd3ab51b2653608a7041fc0a7
6000,random2048,1,620278811,300,2999.500000,0.107019,2803.249344,2803.249344,300,0,300,300,0,1.000000,0.000000,1.000000,1.000000,0.000000,10.7329,10.7348,6096.910,0.3185,raw_decisions/high_load/random2048/level_6000/run_01_seed_620278811.jsonl,b0f249fd3d2eec26e6d01fc9ff32306844971c10809651f8a0e8e419f781a226
6000,random2048,2,620278812,300,2999.500000,0.096951,3094.340715,3094.340715,300,0,300,300,0,1.000000,0.000000,1.000000,1.000000,0.000000,10.7328,10.7347,6006.810,0.3244,raw_decisions/high_load/random2048/level_6000/run_02_seed_620278812.jsonl,f4566c098f23333c95c1d14c0923723e94e5bafd602a489b1d44b9b2d3f35a02
6000,random2048,3,620278813,300,2999.500000,0.103439,2900.261345,2900.261345,300,0,300,300,0,1.000000,0.000000,1.000000,1.000000,0.000000,10.7308,10.7321,5936.613,0.3262,raw_decisions/high_load/random2048/level_6000/run_03_seed_620278813.jsonl,2c0b8e6b97caba269f810ba413e90f314245c8f884a2bc95501d7eddb54e2836
6000,random2048,4,620278814,300,2999.500000,0.105959,2831.295313,2831.295313,300,0,300,300,0,1.000000,0.000000,1.000000,1.000000,0.000000,10.7270,10.7286,6054.043,0.3217,raw_decisions/high_load/random2048/level_6000/run_04_seed_620278814.jsonl,4b19b9013a2337b6c82ea88bb0eed20338bec9a973073a1282099d509aaef099
6000,random2048,5,620278815,300,2999.500000,0.098364,3049.887102,3049.887102,300,0,300,300,0,1.000000,0.000000,1.000000,1.000000,0.000000,10.7325,10.7348,6087.897,0.3186,raw_decisions/high_load/random2048/level_6000/run_05_seed_620278815.jsonl,a2e118d871f202aba1108372f1eca88d2f943c0d2daeb875a5f81112a7540fff
6000,random2048,6,620278816,300,2999.500000,0.098056,3059.491117,3059.491117,300,0,300,300,0,1.000000,0.000000,1.000000,1.000000,0.000000,10.7348,10.7375,5974.097,0.3262,raw_decisions/high_load/random2048/level_6000/run_06_seed_620278816.jsonl,06897588479dd2f2b4026be831f6bceaed73ac1a200baa049172b83ec95c5a4e
6000,random2048,7,620278817,300,2999.500000,0.098300,3051.880387,3051.880387,300,0,300,300,0,1.000000,0.000000,1.000000,1.000000,0.000000,10.7079,10.7098,5887.963,0.3269,raw_decisions/high_load/random2048/level_6000/run_07_seed_620278817.jsonl,c406984469562178264efb5c8a0afcb6c724971d01723972a1c77b08eabd724a
6000,random2048,8,620278818,300,2999.500000,0.103729,2892.150183,2892.150183,300,0,300,300,0,1.000000,0.000000,1.000000,1.000000,0.000000,10.7319,10.7353,6013.273,0.3232,raw_decisions/high_load/random2048/level_6000/run_08_seed_620278818.jsonl,9877f3e122d8e68f3ca2304f61655fe6889734ad29a6634541e43130d3edd17a
6000,random2048,9,620278819,300,2999.500000,0.093615,3204.606696,3204.606696,300,0,300,300,0,1.000000,0.000000,1.000000,1.000000,0.000000,10.7323,10.7340,6032.567,0.3212,raw_decisions/high_load/random2048/level_6000/run_09_seed_620278819.jsonl,429ec84754e42713407d67c26bea8cf1b71013ab7079a894bb80f84094217187
6000,random2048,10,620278820,300,2999.500000,0.107421,2792.742081,2792.742081,300,0,300,300,0,1.000000,0.000000,1.000000,1.000000,0.000000,10.7320,10.7339,5918.317,0.3266,raw_decisions/high_load/random2048/level_6000/run_10_seed_620278820.jsonl,0729b2788216866ebe4a9351eec9d153aa4235b97f61501743afb52f79d19619
6000,random2048,11,620278821,300,2999.500000,0.100337,2989.914448,2989.914448,300,0,300,300,0,1.000000,0.000000,1.000000,1.000000,0.000000,10.7316,10.7327,5898.820,0.3282,raw_decisions/high_load/random2048/level_6000/run_11_seed_620278821.jsonl,22c1cb68318c96f2997acd794018a1b23e30154250fd6b2fd05289899621b234
6000,random2048,12,620278822,300,2999.500000,0.099700,3009.021958,3009.021958,300,0,300,300,0,1.000000,0.000000,1.000000,1.000000,0.000000,10.7326,10.7346,6114.063,0.3176,raw_decisions/high_load/random2048/level_6000/run_12_seed_620278822.jsonl,8a0410df9b96ed8846a9d70ce3d751aa79c0ddbfbec18be1f60e9a93d8a9bc92
6000,random2048,13,620278823,300,2999.500000,0.102396,2929.798464,2929.798464,300,0,300,300,0,1.000000,0.000000,1.000000,1.000000,0.000000,10.7144,10.7172,5849.110,0.3290,raw_decisions/high_load/random2048/level_6000/run_13_seed_620278823.jsonl,3606001e5567bf9fa79c7dfe0c2bab3bb75745403569d48c213459707f0f2253
6000,random2048,14,620278824,300,2999.500000,0.111016,2702.318192,2702.318192,300,0,300,300,0,1.000000,0.000000,1.000000,1.000000,0.000000,10.7401,10.7412,6073.663,0.3220,raw_decisions/high_load/random2048/level_6000/run_14_seed_620278824.jsonl,aec2aed89ab6e905c602d13a97d867455f462d7f28a4736d0b8aaaf579b34d3d
6000,random2048,15,620278825,300,2999.500000,0.100775,2976.919557,2976.919557,300,0,300,300,0,1.000000,0.000000,1.000000,1.000000,0.000000,10.7328,10.7345,5911.007,0.3282,raw_decisions/high_load/random2048/level_6000/run_15_seed_620278825.jsonl,64871f403118cbe27f73b88ed0ed7f62221a96b66a5b8bd49b56d110f44b895a
6000,random2048,16,620278826,300,2999.500000,0.097296,3083.365265,3083.365265,300,0,300,300,0,1.000000,0.000000,1.000000,1.000000,0.000000,10.7344,10.7364,6041.133,0.3224,raw_decisions/high_load/random2048/level_6000/run_16_seed_620278826.jsonl,33dd440e3c77da7f7d5987a0853c4a54b57b8af5bd4368d69101be68e3c3d75f
6000,random2048,17,620278827,300,2999.500000,0.098551,3044.123915,3044.123915,300,0,300,300,0,1.000000,0.000000,1.000000,1.000000,0.000000,10.7478,10.7491,6122.597,0.3210,raw_decisions/high_load/random2048/level_6000/run_17_seed_620278827.jsonl,5c1a6effdb620d8b5720851a1f24091b23e31b6f9ac56d3aa51add4ab90ee732
6000,random2048,18,620278828,300,2999.500000,0.092604,3239.607097,3239.607097,300,0,300,300,0,1.000000,0.000000,1.000000,1.000000,0.000000,10.7382,10.7398,5920.947,0.3292,raw_decisions/high_load/random2048/level_6000/run_18_seed_620278828.jsonl,c7980339734d7a14a92068e6b39ec2c997ce7fcb7a2e018095b4f3d88a59b5b9
6000,random2048,19,620278829,300,2999.500000,0.110826,2706.956348,2706.956348,300,0,300,300,0,1.000000,0.000000,1.000000,1.000000,0.000000,10.7194,10.7213,6085.030,0.3182,raw_decisions/high_load/random2048/level_6000/run_19_seed_620278829.jsonl,40adc97c3695a6a176780b058b34012117644793b7fb6f0552778ea577ecee62
