behavior,level_samples_per_window,actual_samples_mean,actual_fragments_per_second_mean,variant,n_runs,blocks_total,decisions_total,runs_with_any_fp,fpr_pooled,fpr_run_mean,fpr_run_ci_lo,fpr_run_ci_hi,fpr_cluster_ci_lo,fpr_cluster_ci_hi,run_any_fp_cp_ci_lo,run_any_fp_cp_ci_hi
random2048,5,4.967999999999999,2.0076208522880807,legacy,20,6000,6000,20,1.000000,1.000000,1.000000,1.000000,1.000000,1.000000,0.831567,1.000000
random2048,5,4.967999999999999,2.0076208522880807,combined,20,0,6000,0,0.000000,0.000000,0.000000,0.000000,0.000000,0.000000,0.000000,0.168433
random2048,5,4.967999999999999,2.0076208522880807,volume,20,0,6000,0,0.000000,0.000000,0.000000,0.000000,0.000000,0.000000,0.000000,0.168433
random2048,5,4.967999999999999,2.0076208522880807,entropy,20,0,6000,0,0.000000,0.000000,0.000000,0.000000,0.000000,0.000000,0.000000,0.168433
random2048,5,4.967999999999999,2.0076208522880807,unique,20,5997,6000,20,0.999500,0.999500,0.998737,1.000263,0.998667,1.000000,0.831567,1.000000
random2048,12,11.708833333333335,5.375976143532226,legacy,20,6000,6000,20,1.000000,1.000000,1.000000,1.000000,1.000000,1.000000,0.831567,1.000000
random2048,12,11.708833333333335,5.375976143532226,combined,20,4,6000,2,0.000667,0.000667,-0.000419,0.001752,0.000000,0.001833,0.012349,0.316983
random2048,12,11.708833333333335,5.375976143532226,volume,20,4,6000,2,0.000667,0.000667,-0.000419,0.001752,0.000000,0.001833,0.012349,0.316983
random2048,12,11.708833333333335,5.375976143532226,entropy,20,762,6000,20,0.127000,0.127000,0.106786,0.147214,0.109667,0.146000,0.831567,1.000000
random2048,12,11.708833333333335,5.375976143532226,unique,20,6000,6000,20,1.000000,1.000000,1.000000,1.000000,1.000000,1.000000,0.831567,1.000000
random2048,18,18.151333333333334,8.592480628785015,legacy,20,6000,6000,20,1.000000,1.000000,1.000000,1.000000,1.000000,1.000000,0.831567,1.000000
random2048,18,18.151333333333334,8.592480628785015,combined,20,600,6000,20,0.100000,0.100000,0.070674,0.129326,0.073833,0.128000,0.831567,1.000000
random2048,18,18.151333333333334,8.592480628785015,volume,20,600,6000,20,0.100000,0.100000,0.070674,0.129326,0.073833,0.128000,0.831567,1.000000
random2048,18,18.151333333333334,8.592480628785015,entropy,20,4361,6000,20,0.726833,0.726833,0.684761,0.768906,0.688829,0.766004,0.831567,1.000000
random2048,18,18.151333333333334,8.592480628785015,unique,20,6000,6000,20,1.000000,1.000000,1.000000,1.000000,1.000000,1.000000,0.831567,1.000000
random2048,24,23.837666666666667,11.519493283323776,legacy,20,6000,6000,20,1.000000,1.000000,1.000000,1.000000,1.000000,1.000000,0.831567,1.000000
random2048,24,23.837666666666667,11.519493283323776,combined,20,3189,6000,20,0.531500,0.531500,0.479440,0.583560,0.487667,0.580504,0.831567,1.000000
random2048,24,23.837666666666667,11.519493283323776,volume,20,3189,6000,20,0.531500,0.531500,0.479440,0.583560,0.487667,0.580504,0.831567,1.000000
random2048,24,23.837666666666667,11.519493283323776,entropy,20,5745,6000,20,0.957500,0.957500,0.941463,0.973537,0.942500,0.971667,0.831567,1.000000
random2048,24,23.837666666666667,11.519493283323776,unique,20,6000,6000,20,1.000000,1.000000,1.000000,1.000000,1.000000,1.000000,0.831567,1.000000
random2048,36,36.08683333333333,17.667581659158653,legacy,20,6000,6000,20,1.000000,1.000000,1.000000,1.000000,1.000000,1.000000,0.831567,1.000000
random2048,36,36.08683333333333,17.667581659158653,combined,20,5864,6000,20,0.977333,0.977333,0.960726,0.993941,0.960496,0.991000,0.831567,1.000000
random2048,36,36.08683333333333,17.667581659158653,volume,20,5864,6000,20,0.977333,0.977333,0.960726,0.993941,0.960496,0.991000,0.831567,1.000000
random2048,36,36.08683333333333,17.667581659158653,entropy,20,6000,6000,20,1.000000,1.000000,1.000000,1.000000,1.000000,1.000000,0.831567,1.000000
random2048,36,36.08683333333333,17.667581659158653,unique,20,6000,6000,20,1.000000,1.000000,1.000000,1.000000,1.000000,1.000000,0.831567,1.000000
random2048,60,58.61083333333333,28.89151442889534,legacy,20,6000,6000,20,1.000000,1.000000,1.000000,1.000000,1.000000,1.000000,0.831567,1.000000
random2048,60,58.61083333333333,28.89151442889534,combined,20,6000,6000,20,1.000000,1.000000,1.000000,1.000000,1.000000,1.000000,0.831567,1.000000
random2048,60,58.61083333333333,28.89151442889534,volume,20,6000,6000,20,1.000000,1.000000,1.000000,1.000000,1.000000,1.000000,0.831567,1.000000
random2048,60,58.61083333333333,28.89151442889534,entropy,20,6000,6000,20,1.000000,1.000000,1.000000,1.000000,1.000000,1.000000,0.831567,1.000000
random2048,60,58.61083333333333,28.89151442889534,unique,20,6000,6000,20,1.000000,1.000000,1.000000,1.000000,1.000000,1.000000,0.831567,1.000000
random2048,120,117.75283333333334,58.88983381168477,legacy,20,6000,6000,20,1.000000,1.000000,1.000000,1.000000,1.000000,1.000000,0.831567,1.000000
random2048,120,117.75283333333334,58.88983381168477,combined,20,6000,6000,20,1.000000,1.000000,1.000000,1.000000,1.000000,1.000000,0.831567,1.000000
random2048,120,117.75283333333334,58.88983381168477,volume,20,6000,6000,20,1.000000,1.000000,1.000000,1.000000,1.000000,1.000000,0.831567,1.000000
random2048,120,117.75283333333334,58.88983381168477,entropy,20,6000,6000,20,1.000000,1.000000,1.000000,1.000000,1.000000,1.000000,0.831567,1.000000
random2048,120,117.75283333333334,58.88983381168477,unique,20,6000,6000,20,1.000000,1.000000,1.000000,1.000000,1.000000,1.000000,0.831567,1.000000
random2048,300,297.28100000000006,147.05988507018225,legacy,20,6000,6000,20,1.000000,1.000000,1.000000,1.000000,1.000000,1.000000,0.831567,1.000000
random2048,300,297.28100000000006,147.05988507018225,combined,20,6000,6000,20,1.000000,1.000000,1.000000,1.000000,1.000000,1.000000,0.831567,1.000000
random2048,300,297.28100000000006,147.05988507018225,volume,20,6000,6000,20,1.000000,1.000000,1.000000,1.000000,1.000000,1.000000,0.831567,1.000000
random2048,300,297.28100000000006,147.05988507018225,entropy,20,6000,6000,20,1.000000,1.000000,1.000000,1.000000,1.000000,1.000000,0.831567,1.000000
random2048,300,297.28100000000006,147.05988507018225,unique,20,6000,6000,20,1.000000,1.000000,1.000000,1.000000,1.000000,1.000000,0.831567,1.000000
sequential,5,4.934666666666667,1.989913165673099,legacy,20,6000,6000,20,1.000000,1.000000,1.000000,1.000000,1.000000,1.000000,0.831567,1.000000
sequential,5,4.934666666666667,1.989913165673099,combined,20,0,6000,0,0.000000,0.000000,0.000000,0.000000,0.000000,0.000000,0.000000,0.168433
sequential,5,4.934666666666667,1.989913165673099,volume,20,0,6000,0,0.000000,0.000000,0.000000,0.000000,0.000000,0.000000,0.000000,0.168433
sequential,5,4.934666666666667,1.989913165673099,entropy,20,0,6000,0,0.000000,0.000000,0.000000,0.000000,0.000000,0.000000,0.000000,0.168433
sequential,5,4.934666666666667,1.989913165673099,unique,20,6000,6000,20,1.000000,1.000000,1.000000,1.000000,1.000000,1.000000,0.831567,1.000000
sequential,12,11.954166666666667,5.51176769798874,legacy,20,6000,6000,20,1.000000,1.000000,1.000000,1.000000,1.000000,1.000000,0.831567,1.000000
sequential,12,11.954166666666667,5.51176769798874,combined,20,7,6000,2,0.001167,0.001167,-0.000677,0.003011,0.000000,0.003167,0.012349,0.316983
sequential,12,11.954166666666667,5.51176769798874,volume,20,7,6000,2,0.001167,0.001167,-0.000677,0.003011,0.000000,0.003167,0.012349,0.316983
sequential,12,11.954166666666667,5.51176769798874,entropy,20,862,6000,20,0.143667,0.143667,0.116260,0.171073,0.120163,0.171500,0.831567,1.000000
sequential,12,11.954166666666667,5.51176769798874,unique,20,6000,6000,20,1.000000,1.000000,1.000000,1.000000,1.000000,1.000000,0.831567,1.000000
sequential,18,18.052666666666667,8.546150003895939,legacy,20,6000,6000,20,1.000000,1.000000,1.000000,1.000000,1.000000,1.000000,0.831567,1.000000
sequential,18,18.052666666666667,8.546150003895939,combined,20,647,6000,20,0.107833,0.107833,0.072511,0.143156,0.076333,0.140337,0.831567,1.000000
sequential,18,18.052666666666667,8.546150003895939,volume,20,647,6000,20,0.107833,0.107833,0.072511,0.143156,0.076333,0.140337,0.831567,1.000000
sequential,18,18.052666666666667,8.546150003895939,entropy,20,4233,6000,20,0.705500,0.705500,0.671144,0.739856,0.674667,0.737004,0.831567,1.000000
sequential,18,18.052666666666667,8.546150003895939,unique,20,6000,6000,20,1.000000,1.000000,1.000000,1.000000,1.000000,1.000000,0.831567,1.000000
sequential,24,23.706166666666668,11.324369409698507,legacy,20,6000,6000,20,1.000000,1.000000,1.000000,1.000000,1.000000,1.000000,0.831567,1.000000
sequential,24,23.706166666666668,11.324369409698507,combined,20,3004,6000,20,0.500667,0.500667,0.454809,0.546524,0.457325,0.540833,0.831567,1.000000
sequential,24,23.706166666666668,11.324369409698507,volume,20,3004,6000,20,0.500667,0.500667,0.454809,0.546524,0.457325,0.540833,0.831567,1.000000
sequential,24,23.706166666666668,11.324369409698507,entropy,20,5771,6000,20,0.961833,0.961833,0.947968,0.975699,0.949167,0.973500,0.831567,1.000000
sequential,24,23.706166666666668,11.324369409698507,unique,20,6000,6000,20,1.000000,1.000000,1.000000,1.000000,1.000000,1.000000,0.831567,1.000000
sequential,36,35.47716666666667,17.304950641709713,legacy,20,6000,6000,20,1.000000,1.000000,1.000000,1.000000,1.000000,1.000000,0.831567,1.000000
sequential,36,35.47716666666667,17.304950641709713,combined,20,5854,6000,20,0.975667,0.975667,0.962951,0.988382,0.963833,0.987000,0.831567,1.000000
sequential,36,35.47716666666667,17.304950641709713,volume,20,5854,6000,20,0.975667,0.975667,0.962951,0.988382,0.963833,0.987000,0.831567,1.000000
sequential,36,35.47716666666667,17.304950641709713,entropy,20,6000,6000,20,1.000000,1.000000,1.000000,1.000000,1.000000,1.000000,0.831567,1.000000
sequential,36,35.47716666666667,17.304950641709713,unique,20,6000,6000,20,1.000000,1.000000,1.000000,1.000000,1.000000,1.000000,0.831567,1.000000
sequential,60,60.233999999999995,29.925723093237416,legacy,20,6000,6000,20,1.000000,1.000000,1.000000,1.000000,1.000000,1.000000,0.831567,1.000000
sequential,60,60.233999999999995,29.925723093237416,combined,20,6000,6000,20,1.000000,1.000000,1.000000,1.000000,1.000000,1.000000,0.831567,1.000000
sequential,60,60.233999999999995,29.925723093237416,volume,20,6000,6000,20,1.000000,1.000000,1.000000,1.000000,1.000000,1.000000,0.831567,1.000000
sequential,60,60.233999999999995,29.925723093237416,entropy,20,6000,6000,20,1.000000,1.000000,1.000000,1.000000,1.000000,1.000000,0.831567,1.000000
sequential,60,60.233999999999995,29.925723093237416,unique,20,6000,6000,20,1.000000,1.000000,1.000000,1.000000,1.000000,1.000000,0.831567,1.000000
sequential,120,122.14366666666668,60.70343180357312,legacy,20,6000,6000,20,1.000000,1.000000,1.000000,1.000000,1.000000,1.000000,0.831567,1.000000
sequential,120,122.14366666666668,60.70343180357312,combined,20,6000,6000,20,1.000000,1.000000,1.000000,1.000000,1.000000,1.000000,0.831567,1.000000
sequential,120,122.14366666666668,60.70343180357312,volume,20,6000,6000,20,1.000000,1.000000,1.000000,1.000000,1.000000,1.000000,0.831567,1.000000
sequential,120,122.14366666666668,60.70343180357312,entropy,20,6000,6000,20,1.000000,1.000000,1.000000,1.000000,1.000000,1.000000,0.831567,1.000000
sequential,120,122.14366666666668,60.70343180357312,unique,20,6000,6000,20,1.000000,1.000000,1.000000,1.000000,1.000000,1.000000,0.831567,1.000000
sequential,300,294.97866666666664,147.56153776866145,legacy,20,6000,6000,20,1.000000,1.000000,1.000000,1.000000,1.000000,1.000000,0.831567,1.000000
sequential,300,294.97866666666664,147.56153776866145,combined,20,6000,6000,20,1.000000,1.000000,1.000000,1.000000,1.000000,1.000000,0.831567,1.000000
sequential,300,294.97866666666664,147.56153776866145,volume,20,6000,6000,20,1.000000,1.000000,1.000000,1.000000,1.000000,1.000000,0.831567,1.000000
sequential,300,294.97866666666664,147.56153776866145,entropy,20,6000,6000,20,1.000000,1.000000,1.000000,1.000000,1.000000,1.000000,0.831567,1.000000
sequential,300,294.97866666666664,147.56153776866145,unique,20,6000,6000,20,1.000000,1.000000,1.000000,1.000000,1.000000,1.000000,0.831567,1.000000
smallpool16,5,4.982666666666667,1.9986073461125664,legacy,20,6000,6000,20,1.000000,1.000000,1.000000,1.000000,1.000000,1.000000,0.831567,1.000000
smallpool16,5,4.982666666666667,1.9986073461125664,combined,20,0,6000,0,0.000000,0.000000,0.000000,0.000000,0.000000,0.000000,0.000000,0.168433
smallpool16,5,4.982666666666667,1.9986073461125664,volume,20,0,6000,0,0.000000,0.000000,0.000000,0.000000,0.000000,0.000000,0.000000,0.168433
smallpool16,5,4.982666666666667,1.9986073461125664,entropy,20,0,6000,0,0.000000,0.000000,0.000000,0.000000,0.000000,0.000000,0.000000,0.168433
smallpool16,5,4.982666666666667,1.9986073461125664,unique,20,5385,6000,20,0.897500,0.897500,0.885062,0.909938,0.885833,0.909000,0.831567,1.000000
smallpool16,12,11.800333333333334,5.439192608794443,legacy,20,6000,6000,20,1.000000,1.000000,1.000000,1.000000,1.000000,1.000000,0.831567,1.000000
smallpool16,12,11.800333333333334,5.439192608794443,combined,20,0,6000,0,0.000000,0.000000,0.000000,0.000000,0.000000,0.000000,0.000000,0.168433
smallpool16,12,11.800333333333334,5.439192608794443,volume,20,3,6000,2,0.000500,0.000500,-0.000263,0.001263,0.000000,0.001333,0.012349,0.316983
smallpool16,12,11.800333333333334,5.439192608794443,entropy,20,0,6000,0,0.000000,0.000000,0.000000,0.000000,0.000000,0.000000,0.000000,0.168433
smallpool16,12,11.800333333333334,5.439192608794443,unique,20,3471,6000,20,0.578500,0.578500,0.540713,0.616287,0.544662,0.613667,0.831567,1.000000
smallpool16,18,18.05983333333333,8.590719471100853,legacy,20,6000,6000,20,1.000000,1.000000,1.000000,1.000000,1.000000,1.000000,0.831567,1.000000
smallpool16,18,18.05983333333333,8.590719471100853,combined,20,0,6000,0,0.000000,0.000000,0.000000,0.000000,0.000000,0.000000,0.000000,0.168433
smallpool16,18,18.05983333333333,8.590719471100853,volume,20,614,6000,19,0.102333,0.102333,0.076125,0.128541,0.079162,0.126333,0.751267,0.998735
smallpool16,18,18.05983333333333,8.590719471100853,entropy,20,0,6000,0,0.000000,0.000000,0.000000,0.000000,0.000000,0.000000,0.000000,0.168433
smallpool16,18,18.05983333333333,8.590719471100853,unique,20,1109,6000,20,0.184833,0.184833,0.164654,0.205012,0.167162,0.203500,0.831567,1.000000
smallpool16,24,23.71516666666667,11.444060889348643,legacy,20,6000,6000,20,1.000000,1.000000,1.000000,1.000000,1.000000,1.000000,0.831567,1.000000
smallpool16,24,23.71516666666667,11.444060889348643,combined,20,0,6000,0,0.000000,0.000000,0.000000,0.000000,0.000000,0.000000,0.000000,0.168433
smallpool16,24,23.71516666666667,11.444060889348643,volume,20,3002,6000,20,0.500333,0.500333,0.449286,0.551381,0.456496,0.550171,0.831567,1.000000
smallpool16,24,23.71516666666667,11.444060889348643,entropy,20,0,6000,0,0.000000,0.000000,0.000000,0.000000,0.000000,0.000000,0.000000,0.168433
smallpool16,24,23.71516666666667,11.444060889348643,unique,20,278,6000,20,0.046333,0.046333,0.032308,0.060359,0.033667,0.059167,0.831567,1.000000
smallpool16,36,36.46150000000001,17.88573633172953,legacy,20,6000,6000,20,1.000000,1.000000,1.000000,1.000000,1.000000,1.000000,0.831567,1.000000
smallpool16,36,36.46150000000001,17.88573633172953,combined,20,0,6000,0,0.000000,0.000000,0.000000,0.000000,0.000000,0.000000,0.000000,0.168433
smallpool16,36,36.46150000000001,17.88573633172953,volume,20,5922,6000,20,0.987000,0.987000,0.976790,0.997210,0.977000,0.995500,0.831567,1.000000
smallpool16,36,36.46150000000001,17.88573633172953,entropy,20,0,6000,0,0.000000,0.000000,0.000000,0.000000,0.000000,0.000000,0.000000,0.168433
smallpool16,36,36.46150000000001,17.88573633172953,unique,20,6,6000,1,0.001000,0.001000,-0.001093,0.003093,0.000000,0.003000,0.001265,0.248733
smallpool16,60,59.88283333333334,29.452873684279005,legacy,20,6000,6000,20,1.000000,1.000000,1.000000,1.000000,1.000000,1.000000,0.831567,1.000000
smallpool16,60,59.88283333333334,29.452873684279005,combined,20,0,6000,0,0.000000,0.000000,0.000000,0.000000,0.000000,0.000000,0.000000,0.168433
smallpool16,60,59.88283333333334,29.452873684279005,volume,20,6000,6000,20,1.000000,1.000000,1.000000,1.000000,1.000000,1.000000,0.831567,1.000000
smallpool16,60,59.88283333333334,29.452873684279005,entropy,20,0,6000,0,0.000000,0.000000,0.000000,0.000000,0.000000,0.000000,0.000000,0.168433
smallpool16,60,59.88283333333334,29.452873684279005,unique,20,0,6000,0,0.000000,0.000000,0.000000,0.000000,0.000000,0.000000,0.000000,0.168433
smallpool16,120,119.61216666666667,59.13961380092026,legacy,20,6000,6000,20,1.000000,1.000000,1.000000,1.000000,1.000000,1.000000,0.831567,1.000000
smallpool16,120,119.61216666666667,59.13961380092026,combined,20,0,6000,0,0.000000,0.000000,0.000000,0.000000,0.000000,0.000000,0.000000,0.168433
smallpool16,120,119.61216666666667,59.13961380092026,volume,20,6000,6000,20,1.000000,1.000000,1.000000,1.000000,1.000000,1.000000,0.831567,1.000000
smallpool16,120,119.61216666666667,59.13961380092026,entropy,20,0,6000,0,0.000000,0.000000,0.000000,0.000000,0.000000,0.000000,0.000000,0.168433
smallpool16,120,119.61216666666667,59.13961380092026,unique,20,0,6000,0,0.000000,0.000000,0.000000,0.000000,0.000000,0.000000,0.000000,0.168433
smallpool16,300,299.61516666666665,148.65957252034957,legacy,20,6000,6000,20,1.000000,1.000000,1.000000,1.000000,1.000000,1.000000,0.831567,1.000000
smallpool16,300,299.61516666666665,148.65957252034957,combined,20,0,6000,0,0.000000,0.000000,0.000000,0.000000,0.000000,0.000000,0.000000,0.168433
smallpool16,300,299.61516666666665,148.65957252034957,volume,20,6000,6000,20,1.000000,1.000000,1.000000,1.000000,1.000000,1.000000,0.831567,1.000000
smallpool16,300,299.61516666666665,148.65957252034957,entropy,20,0,6000,0,0.000000,0.000000,0.000000,0.000000,0.000000,0.000000,0.000000,0.168433
smallpool16,300,299.61516666666665,148.65957252034957,unique,20,0,6000,0,0.000000,0.000000,0.000000,0.000000,0.000000,0.000000,0.000000,0.168433
