behavior,phase,level,space,configuration,mean,ci_low,ci_high,runs
random2048,high_load,600,2048,initial,1.0,1.0,1.0,20
random2048,high_load,600,2048,locked,0.0,0.0,0.0,20
random2048,high_load,600,65536,initial,1.0,1.0,1.0,20
random2048,high_load,600,65536,locked,1.0,1.0,1.0,20
random2048,high_load,1200,2048,initial,1.0,1.0,1.0,20
random2048,high_load,1200,2048,locked,0.0,0.0,0.0,20
random2048,high_load,1200,65536,initial,1.0,1.0,1.0,20
random2048,high_load,1200,65536,locked,1.0,1.0,1.0,20
random2048,high_load,1400,2048,initial,1.0,1.0,1.0,20
random2048,high_load,1400,2048,locked,0.0,0.0,0.0,20
random2048,high_load,1400,65536,initial,1.0,1.0,1.0,20
random2048,high_load,1400,65536,locked,1.0,1.0,1.0,20
random2048,high_load,1600,2048,initial,0.2515,0.09599166666666667,0.4338416666666665,20
random2048,high_load,1600,2048,locked,0.0,0.0,0.0,20
random2048,high_load,1600,65536,initial,1.0,1.0,1.0,20
random2048,high_load,1600,65536,locked,1.0,1.0,1.0,20
random2048,high_load,1800,2048,initial,0.0,0.0,0.0,20
random2048,high_load,1800,2048,locked,0.0,0.0,0.0,20
random2048,high_load,1800,65536,initial,1.0,1.0,1.0,20
random2048,high_load,1800,65536,locked,1.0,1.0,1.0,20
random2048,high_load,2000,2048,initial,0.0,0.0,0.0,20
random2048,high_load,2000,2048,locked,0.0,0.0,0.0,20
random2048,high_load,2000,65536,initial,1.0,1.0,1.0,20
random2048,high_load,2000,65536,locked,1.0,1.0,1.0,20
random2048,high_load,3000,2048,initial,0.0,0.0,0.0,20
random2048,high_load,3000,2048,locked,0.0,0.0,0.0,20
random2048,high_load,3000,65536,initial,1.0,1.0,1.0,20
random2048,high_load,3000,65536,locked,1.0,1.0,1.0,20
random2048,high_load,6000,2048,initial,0.0,0.0,0.0,20
random2048,high_load,6000,2048,locked,0.0,0.0,0.0,20
random2048,high_load,6000,65536,initial,1.0,1.0,1.0,20
random2048,high_load,6000,65536,locked,1.0,1.0,1.0,20
random2048,main,5,2048,initial,0.0,0.0,0.0,20
random2048,main,5,2048,locked,0.0,0.0,0.0,20
random2048,main,5,65536,initial,0.0,0.0,0.0,20
random2048,main,5,65536,locked,0.0,0.0,0.0,20
random2048,main,12,2048,initial,0.0006666666666666668,0.0,0.0018333333333333333,20
random2048,main,12,2048,locked,0.0,0.0,0.0,20
random2048,main,12,65536,initial,0.0006666666666666668,0.0,0.0018333333333333333,20
random2048,main,12,65536,locked,0.0,0.0,0.0,20
random2048,main,18,2048,initial,0.1,0.07449583333333332,0.1276708333333333,20
random2048,main,18,2048,locked,0.0,0.0,0.0,20
random2048,main,18,65536,initial,0.1,0.07416666666666669,0.1275041666666666,20
random2048,main,18,65536,locked,0.0,0.0,0.0,20
random2048,main,24,2048,initial,0.5315,0.48583333333333334,0.5800041666666667,20
random2048,main,24,2048,locked,0.0,0.0,0.0,20
random2048,main,24,65536,initial,0.5315,0.4865000000000001,0.5815041666666666,20
random2048,main,24,65536,locked,0.0,0.0,0.0,20
random2048,main,36,2048,initial,0.9773333333333335,0.9606666666666668,0.9905000000000002,20
random2048,main,36,2048,locked,0.0,0.0,0.0,20
random2048,main,36,65536,initial,0.9773333333333335,0.9610000000000001,0.9909999999999999,20
random2048,main,36,65536,locked,0.0,0.0,0.0,20
random2048,main,60,2048,initial,1.0,1.0,1.0,20
random2048,main,60,2048,locked,0.19366666666666668,0.1319958333333333,0.2613333333333333,20
random2048,main,60,65536,initial,1.0,1.0,1.0,20
random2048,main,60,65536,locked,0.24050000000000002,0.17483333333333334,0.30900416666666664,20
random2048,main,120,2048,initial,1.0,1.0,1.0,20
random2048,main,120,2048,locked,1.0,1.0,1.0,20
random2048,main,120,65536,initial,1.0,1.0,1.0,20
random2048,main,120,65536,locked,1.0,1.0,1.0,20
random2048,main,300,2048,initial,1.0,1.0,1.0,20
random2048,main,300,2048,locked,0.9793333333333333,0.9506624999999999,0.9986666666666666,20
random2048,main,300,65536,initial,1.0,1.0,1.0,20
random2048,main,300,65536,locked,1.0,1.0,1.0,20
sequential,main,5,2048,initial,0.0,0.0,0.0,20
sequential,main,5,2048,locked,0.0,0.0,0.0,20
sequential,main,5,65536,initial,0.0,0.0,0.0,20
sequential,main,5,65536,locked,0.0,0.0,0.0,20
sequential,main,12,2048,initial,0.0011666666666666668,0.0,0.003166666666666667,20
sequential,main,12,2048,locked,0.0,0.0,0.0,20
sequential,main,12,65536,initial,0.0011666666666666668,0.0,0.003166666666666667,20
sequential,main,12,65536,locked,0.0,0.0,0.0,20
sequential,main,18,2048,initial,0.10783333333333334,0.07750000000000001,0.14083749999999992,20
sequential,main,18,2048,locked,0.0,0.0,0.0,20
sequential,main,18,65536,initial,0.10783333333333334,0.07782916666666667,0.1420041666666666,20
sequential,main,18,65536,locked,0.0,0.0,0.0,20
sequential,main,24,2048,initial,0.5006666666666667,0.45782916666666673,0.5403374999999999,20
sequential,main,24,2048,locked,0.0,0.0,0.0,20
sequential,main,24,65536,initial,0.5006666666666667,0.4583333333333333,0.5406666666666666,20
sequential,main,24,65536,locked,0.0,0.0,0.0,20
sequential,main,36,2048,initial,0.9756666666666668,0.9636666666666669,0.9866666666666667,20
sequential,main,36,2048,locked,0.0,0.0,0.0,20
sequential,main,36,65536,initial,0.9756666666666668,0.9633333333333333,0.9866666666666667,20
sequential,main,36,65536,locked,0.0,0.0,0.0,20
sequential,main,60,2048,initial,1.0,1.0,1.0,20
sequential,main,60,2048,locked,0.32283333333333336,0.25650000000000006,0.38900833333333323,20
sequential,main,60,65536,initial,1.0,1.0,1.0,20
sequential,main,60,65536,locked,0.32283333333333336,0.2564958333333334,0.39,20
sequential,main,120,2048,initial,1.0,1.0,1.0,20
sequential,main,120,2048,locked,1.0,1.0,1.0,20
sequential,main,120,65536,initial,1.0,1.0,1.0,20
sequential,main,120,65536,locked,1.0,1.0,1.0,20
sequential,main,300,2048,initial,1.0,1.0,1.0,20
sequential,main,300,2048,locked,1.0,1.0,1.0,20
sequential,main,300,65536,initial,1.0,1.0,1.0,20
sequential,main,300,65536,locked,1.0,1.0,1.0,20
